-- phpMyAdmin SQL Dump
-- version 3.3.9
-- http://www.phpmyadmin.net
--
-- Host: localhost
-- Generation Time: Nov 11, 2013 at 04:51 AM
-- Server version: 5.5.8
-- PHP Version: 5.3.5

SET SQL_MODE="NO_AUTO_VALUE_ON_ZERO";


/*!40101 SET @OLD_CHARACTER_SET_CLIENT=@@CHARACTER_SET_CLIENT */;
/*!40101 SET @OLD_CHARACTER_SET_RESULTS=@@CHARACTER_SET_RESULTS */;
/*!40101 SET @OLD_COLLATION_CONNECTION=@@COLLATION_CONNECTION */;
/*!40101 SET NAMES utf8 */;

--
-- Database: `spngroup_cafe_passion`
--

-- --------------------------------------------------------

--
-- Table structure for table `tbl_app`
--

CREATE TABLE IF NOT EXISTS `tbl_app` (
  `id` int(11) NOT NULL AUTO_INCREMENT,
  `name` varchar(50) COLLATE utf8_unicode_ci NOT NULL,
  `phone` varchar(15) COLLATE utf8_unicode_ci NOT NULL,
  `address` varchar(125) COLLATE utf8_unicode_ci NOT NULL,
  `email` varchar(50) CHARACTER SET utf8 NOT NULL,
  `banner` varchar(125) CHARACTER SET utf8 NOT NULL,
  `prefix` varchar(50) CHARACTER SET utf8 NOT NULL,
  `alias` varchar(256) CHARACTER SET utf8 NOT NULL,
  `date_created` timestamp NOT NULL DEFAULT CURRENT_TIMESTAMP,
  `date_modified` timestamp NOT NULL DEFAULT '0000-00-00 00:00:00',
  `date_activity` timestamp NOT NULL DEFAULT '0000-00-00 00:00:00',
  `type` tinyint(4) NOT NULL,
  `page_view` bigint(20) NOT NULL,
  PRIMARY KEY (`id`)
) ENGINE=InnoDB  DEFAULT CHARSET=utf8 COLLATE=utf8_unicode_ci AUTO_INCREMENT=2 ;

--
-- Dumping data for table `tbl_app`
--

INSERT INTO `tbl_app` (`id`, `name`, `phone`, `address`, `email`, `banner`, `prefix`, `alias`, `date_created`, `date_modified`, `date_activity`, `type`, `page_view`) VALUES
(1, 'Karaoke Ba Đức', '0945 03 07 09', 'Phó Cơ Điều P3 - TPVL', '', 'data/images/banner/logo.png', 'tbl_', 'tbl_', '2012-06-30 17:00:00', '0000-00-00 00:00:00', '2012-12-26 07:28:02', 0, 0);

-- --------------------------------------------------------

--
-- Table structure for table `tbl_category`
--

CREATE TABLE IF NOT EXISTS `tbl_category` (
  `id` int(25) NOT NULL AUTO_INCREMENT,
  `name` varchar(200) COLLATE utf8_unicode_ci DEFAULT NULL,
  `picture` binary(255) DEFAULT NULL,
  PRIMARY KEY (`id`)
) ENGINE=InnoDB  DEFAULT CHARSET=utf8 COLLATE=utf8_unicode_ci AUTO_INCREMENT=14 ;

--
-- Dumping data for table `tbl_category`
--

INSERT INTO `tbl_category` (`id`, `name`, `picture`) VALUES
(3, 'BEER', NULL),
(8, 'NƯỚC GIẢI KHÁT', NULL),
(11, 'THUỐC HÚT', NULL),
(12, 'THỨC ĂN', NULL),
(13, 'KHÁC', NULL);

-- --------------------------------------------------------

--
-- Table structure for table `tbl_collect_customer`
--

CREATE TABLE IF NOT EXISTS `tbl_collect_customer` (
  `id` int(11) NOT NULL AUTO_INCREMENT,
  `idcustomer` int(11) NOT NULL,
  `date` date NOT NULL,
  `value` int(11) NOT NULL,
  `note` varchar(50) COLLATE utf8_unicode_ci DEFAULT NULL,
  PRIMARY KEY (`id`),
  KEY `tbl_customer_collect_1` (`idcustomer`)
) ENGINE=InnoDB  DEFAULT CHARSET=utf8 COLLATE=utf8_unicode_ci AUTO_INCREMENT=18 ;

--
-- Dumping data for table `tbl_collect_customer`
--

INSERT INTO `tbl_collect_customer` (`id`, `idcustomer`, `date`, `value`, `note`) VALUES
(3, 17, '2013-05-01', 2087000, 'thanh toán nợ cũ'),
(4, 16, '2013-08-31', 18000000, 'Trả nợ phiếu'),
(5, 15, '2013-07-14', 76000, 'Thái trả phiếu còn nợ 255.000'),
(6, 15, '2013-07-10', 467000, 'Trừ vào lương tháng 06'),
(7, 15, '2013-08-10', 2500000, 'Trừ vào lương tháng 07'),
(8, 15, '2013-10-20', 2378000, 'Trừ lương tháng 09'),
(9, 13, '2013-06-12', 699000, 'Tạm tính'),
(10, 13, '2013-06-30', 2295000, 'Tiền lương và phụ cấp'),
(11, 17, '2013-06-30', 190000, 'DL tạm'),
(12, 19, '2013-07-31', 1162000, 'DL tạm'),
(13, 24, '2013-10-27', 727000, 'Trừ lương tháng 09'),
(14, 13, '2013-07-31', 2644000, 'Thu từ tiền lương tháng 07'),
(15, 13, '2013-08-31', 1016000, 'Thu từ tiền lương tháng 08'),
(16, 13, '2013-09-30', 577000, 'Thu từ tiền lương tháng 09'),
(17, 13, '2013-10-31', 537000, 'Thu từ tiền lương tháng 10');

-- --------------------------------------------------------

--
-- Table structure for table `tbl_collect_general`
--

CREATE TABLE IF NOT EXISTS `tbl_collect_general` (
  `id` int(11) NOT NULL AUTO_INCREMENT,
  `id_term` int(11) NOT NULL,
  `date` date NOT NULL,
  `value` int(11) NOT NULL,
  `note` varchar(50) COLLATE utf8_unicode_ci DEFAULT NULL,
  PRIMARY KEY (`id`),
  KEY `tbl_collect_1` (`id_term`)
) ENGINE=InnoDB  DEFAULT CHARSET=utf8 COLLATE=utf8_unicode_ci AUTO_INCREMENT=6 ;

--
-- Dumping data for table `tbl_collect_general`
--

INSERT INTO `tbl_collect_general` (`id`, `id_term`, `date`, `value`, `note`) VALUES
(5, 2, '2013-05-18', 10, 'd');

-- --------------------------------------------------------

--
-- Table structure for table `tbl_config`
--

CREATE TABLE IF NOT EXISTS `tbl_config` (
  `id` int(11) NOT NULL AUTO_INCREMENT,
  `param` varchar(125) COLLATE utf8_unicode_ci NOT NULL,
  `value` varchar(256) COLLATE utf8_unicode_ci NOT NULL,
  PRIMARY KEY (`id`)
) ENGINE=InnoDB  DEFAULT CHARSET=utf8 COLLATE=utf8_unicode_ci AUTO_INCREMENT=8 ;

--
-- Dumping data for table `tbl_config`
--

INSERT INTO `tbl_config` (`id`, `param`, `value`) VALUES
(1, 'PRICE_HOUR_NORMAL_1', '70000'),
(2, 'PRICE_HOUR_NORMAL_2', '90000'),
(3, 'PRICE_HOUR_VIP_1', '80000'),
(4, 'PRICE_HOUR_VIP_2', '100000'),
(5, 'DISCOUNT', '0'),
(6, 'ROW_PER_PAGE', '8'),
(7, 'GUEST_VISIT', '9247');

-- --------------------------------------------------------

--
-- Table structure for table `tbl_course`
--

CREATE TABLE IF NOT EXISTS `tbl_course` (
  `id` int(11) NOT NULL AUTO_INCREMENT,
  `idcategory` int(25) DEFAULT NULL,
  `name` varchar(200) COLLATE utf8_unicode_ci NOT NULL,
  `shortname` varchar(200) COLLATE utf8_unicode_ci DEFAULT NULL,
  `unit` varchar(200) COLLATE utf8_unicode_ci DEFAULT NULL,
  `price1` bigint(20) NOT NULL,
  `price2` bigint(20) NOT NULL,
  `price3` bigint(20) NOT NULL,
  `price4` bigint(20) NOT NULL,
  `picture` varchar(50) COLLATE utf8_unicode_ci DEFAULT NULL,
  PRIMARY KEY (`id`),
  KEY `foreign_field` (`idcategory`)
) ENGINE=InnoDB  DEFAULT CHARSET=utf8 COLLATE=utf8_unicode_ci AUTO_INCREMENT=165 ;

--
-- Dumping data for table `tbl_course`
--

INSERT INTO `tbl_course` (`id`, `idcategory`, `name`, `shortname`, `unit`, `price1`, `price2`, `price3`, `price4`, `picture`) VALUES
(15, 11, 'Thuốc hút', 'Thuốc hút', 'Gói', 25000, 0, 0, 0, NULL),
(53, 8, 'Trà xanh', 'Trà xanh', 'Chai', 15000, 0, 0, 0, NULL),
(54, 8, 'C2', 'C2', 'Chai', 15000, 0, 0, 0, NULL),
(55, 8, 'Dr Thanh', 'Dr Thanh', 'Chai', 15000, 0, 0, 0, NULL),
(56, 8, 'Nước yến', 'Nước yến', 'Lon', 15000, 0, 0, 0, NULL),
(107, 3, 'Heniken', 'Heniken', 'Chai', 18000, 0, 0, 0, ''),
(108, 3, 'Heniken.', 'Heniken.', 'Lon', 20000, 0, 0, 0, ''),
(110, 12, 'Trái cây', 'Trái cây', 'Dĩa', 50000, 0, 0, 0, ''),
(111, 3, 'Sài gòn đỏ', 'Sài gòn đỏ', 'Chai', 12000, 0, 0, 0, ''),
(112, 3, 'Sài gòn special', 'Sài gòn special', 'Chai', 15000, 0, 0, 0, ''),
(113, 3, 'Sài gòn special.', 'Sài gòn special.', 'Lon', 17000, 0, 0, 0, ''),
(114, 3, 'Bia 333', 'Bia 333', 'Lon', 16000, 0, 0, 0, ''),
(115, 11, 'Thuốc 555', 'Thuốc 555', 'Gói', 30000, 0, 0, 0, ''),
(116, 11, 'Thuốc Craven', 'Thuốc Craven', 'Gói', 25000, 0, 0, 0, ''),
(117, 12, 'Oshi', 'Oshi', 'Gói', 10000, 0, 0, 0, ''),
(118, 12, 'Chả giò', 'Chả giò', 'Gói', 15000, 0, 0, 0, ''),
(119, 12, 'Khô bò', 'Khô bò', 'Gói', 10000, 0, 0, 0, ''),
(120, 12, 'Mít sấy', 'Mít sấy', 'Gói', 15000, 0, 0, 0, ''),
(121, 12, 'Xúc xích', 'Xúc xích', 'Gói', 35000, 0, 0, 0, ''),
(122, 12, 'CW Doublemin', 'CW Doublemin', 'Cây', 6000, 0, 0, 0, ''),
(123, 12, 'Đậu phộng chiên', 'Đậu phộng chiên', 'Gói', 10000, 0, 0, 0, ''),
(124, 12, 'Đậu phộng sấy', 'Đậu phộng sấy', 'Gói', 10000, 0, 0, 0, ''),
(125, 12, 'Đậu phộng da cá', 'Đậu phộng da cá', 'Gói', 12000, 0, 0, 0, ''),
(126, 8, 'Lavie 500ml', 'Lavie 500ml', 'Chai', 10000, 0, 0, 0, ''),
(127, 8, 'Pepsi', 'Pepsi', 'Lon', 15000, 0, 0, 0, ''),
(128, 8, '7 Up', '7 Up', 'Lon', 15000, 0, 0, 0, ''),
(129, 8, 'Mirinda cam', 'Mirinda cam', 'Lon', 15000, 0, 0, 0, ''),
(134, 12, 'Khô mực N', 'Khô mực N', 'Con', 50000, 0, 0, 0, ''),
(135, 12, 'Chả lụa', 'Chả lụa', 'Dĩa', 50000, 0, 0, 0, ''),
(136, 8, 'Red bull', 'Red bull', 'Lon', 15000, 0, 0, 0, ''),
(137, 3, 'Tiger', 'Tiger', 'Chai', 14000, 0, 0, 0, ''),
(138, 3, 'Tiger bạc', 'Tiger bạc', 'Chai', 15000, 0, 0, 0, ''),
(139, 12, 'Đậu nành rang', 'Đậu nành rang', 'Gói', 10000, 0, 0, 0, ''),
(140, 3, 'Tiger.', 'Tiger.', 'Lon', 19000, 0, 0, 0, ''),
(141, 12, 'Cơm cháy', 'Cơm cháy', 'Gói', 17000, 0, 0, 0, ''),
(142, 12, 'Cá cơm', 'Cá cơm', 'Gói', 12000, 0, 0, 0, ''),
(143, 8, 'Sting', 'Sting', 'Chai', 15000, 0, 0, 0, ''),
(144, 12, 'Khô mực', 'Khô mực', 'Con', 60000, 0, 0, 0, ''),
(145, 12, 'Chà giò rế', 'Chà giò rế', 'Dĩa', 60000, 0, 0, 0, ''),
(146, 12, 'Nhái chiên giòn', 'Nhái', 'Dĩa', 60000, 0, 0, 0, ''),
(147, 12, 'Đậu nành sấy', 'Đậu nành sấy', 'Gói', 12000, 0, 0, 0, ''),
(149, 13, 'Nước đá viên', 'Nước đá viên', 'Kg', 1000, 0, 0, 0, ''),
(150, 12, 'Xoài thêm', '', 'Dĩa', 30000, 0, 0, 0, ''),
(151, 12, 'Ổi thêm', '', 'Dĩa', 30000, 0, 0, 0, ''),
(152, 12, 'Dưa hấu thêm', 'Dưa hấu thêm', 'Dĩa', 30000, 0, 0, 0, ''),
(153, 12, 'Mận thêm', '', 'Dĩa', 30000, 0, 0, 0, ''),
(154, 12, 'Sơ ri thêm', '', 'Dĩa', 30000, 0, 0, 0, ''),
(155, 3, 'Sagota.', 'Sagota.', 'Lon', 15000, 0, 0, 0, ''),
(156, 12, 'Mít', '', 'Dĩa', 50000, 0, 0, 0, ''),
(157, 12, 'Hột điều', 'Hột điều', 'Gói', 12000, 0, 0, 0, ''),
(158, 12, 'Xúc xích N', 'Xúc xích N', 'Gói', 25000, 0, 0, 0, ''),
(159, 12, 'Chả cá chiên giòn', 'Chả cá chiên giòn', 'Dĩa', 45000, 0, 0, 0, ''),
(160, 12, 'Phô mai', 'Phô mai', 'Hộp', 25000, 0, 0, 0, ''),
(161, 13, 'Khăn giấy', '', 'Gói', 5000, 0, 0, 0, ''),
(162, 13, 'Khăn Lạnh', '', 'Cái', 2000, 0, 0, 0, ''),
(163, 13, 'Quẹt gas', '', 'Cái', 4000, 0, 0, 0, ''),
(164, 12, 'Đậu Hà lan', 'Đậu Hà lan', 'Gói', 30000, 0, 0, 0, '');

-- --------------------------------------------------------

--
-- Table structure for table `tbl_customer`
--

CREATE TABLE IF NOT EXISTS `tbl_customer` (
  `id` int(9) NOT NULL AUTO_INCREMENT,
  `name` varchar(100) COLLATE utf8_unicode_ci NOT NULL,
  `type` int(11) NOT NULL,
  `card` varchar(15) COLLATE utf8_unicode_ci NOT NULL,
  `phone` varchar(15) COLLATE utf8_unicode_ci NOT NULL,
  `address` varchar(200) COLLATE utf8_unicode_ci NOT NULL,
  `note` varchar(100) COLLATE utf8_unicode_ci NOT NULL,
  `discount` int(11) NOT NULL,
  PRIMARY KEY (`id`)
) ENGINE=InnoDB  DEFAULT CHARSET=utf8 COLLATE=utf8_unicode_ci AUTO_INCREMENT=28 ;

--
-- Dumping data for table `tbl_customer`
--

INSERT INTO `tbl_customer` (`id`, `name`, `type`, `card`, `phone`, `address`, `note`, `discount`) VALUES
(1, 'KHÁCH VÃNG LAI', 0, '893970784300', '', '', '', 0),
(12, 'LÊ HỒNG ĐỨC', 1, '893970784301', '0918585203', 'Cty TNHH MTV Ba Đức Vĩnh Long', 'Giám Đốc', 0),
(13, 'NGUYỄN QUANG MINH (NV)', 0, '893970784302', '', '', 'NV Karaoke', 0),
(14, 'PHAN THANH PHONG', 0, '893970784303', '', '', 'Toàn', 0),
(15, 'PHẠM MINH TUẤN ANH (NV)', 0, '893970784304', '', 'Vĩnh Long', 'Kế Toán', 0),
(16, 'LÊ NGUYỄN ĐÔNG KHOA', 1, '893970784305', '0945030709', 'Cty TNHH MTV Ba Đức Vĩnh Long', 'P. GĐ', 0),
(17, 'LÊ THÀNH TÂM', 0, '893970784306', '', '', '', 0),
(18, 'CƯỜNG (Cầu Đôi)', 0, '893970784307', '', 'Cầu Đôi', '', 0),
(19, 'LÊ NGUYỄN THANH TRUNG', 0, '', '', '', '', 0),
(20, 'ANH TRÍ CAVL', 0, '', '', 'CSKT VL', '', 0),
(21, 'Nhí', 0, '', '', '', '', 0),
(22, 'NGUYỄN VĂN HIẾU', 0, '', '', 'NV Karaoke', '', 0),
(23, 'TRƯƠNG PHƯỚC SANG', 0, '', '', 'NV Khách sạn', '', 0),
(24, 'HUỲNH PHAN HỒNG NGỌC', 0, '', '', 'NV Khách sạn', '', 0),
(25, 'KHÁCH HÀNG NỢ', 0, '', '', '', 'Khách vãng lai nợ', 0),
(26, 'THẮNG', 1, '', '', 'CAVL', 'CAVL', 0),
(27, 'PHAN HOÀNG THÁI', 0, '', '', '', 'Kế Toán', 0);

-- --------------------------------------------------------

--
-- Table structure for table `tbl_domain`
--

CREATE TABLE IF NOT EXISTS `tbl_domain` (
  `id` int(11) NOT NULL AUTO_INCREMENT,
  `name` varchar(200) COLLATE utf8_unicode_ci NOT NULL,
  PRIMARY KEY (`id`)
) ENGINE=InnoDB  DEFAULT CHARSET=utf8 COLLATE=utf8_unicode_ci AUTO_INCREMENT=4 ;

--
-- Dumping data for table `tbl_domain`
--

INSERT INTO `tbl_domain` (`id`, `name`) VALUES
(1, 'KHU A'),
(2, 'KHU B'),
(3, 'KHU VIP');

-- --------------------------------------------------------

--
-- Table structure for table `tbl_employee`
--

CREATE TABLE IF NOT EXISTS `tbl_employee` (
  `id` int(11) NOT NULL AUTO_INCREMENT,
  `name` varchar(25) COLLATE utf8_unicode_ci NOT NULL,
  `job` varchar(50) COLLATE utf8_unicode_ci NOT NULL,
  `gender` tinyint(2) NOT NULL,
  `phone` varchar(13) COLLATE utf8_unicode_ci NOT NULL,
  `address` varchar(50) COLLATE utf8_unicode_ci NOT NULL,
  `salary_base` int(11) NOT NULL,
  PRIMARY KEY (`id`)
) ENGINE=InnoDB  DEFAULT CHARSET=utf8 COLLATE=utf8_unicode_ci AUTO_INCREMENT=6 ;

--
-- Dumping data for table `tbl_employee`
--

INSERT INTO `tbl_employee` (`id`, `name`, `job`, `gender`, `phone`, `address`, `salary_base`) VALUES
(1, 'Phan Xuân Mai', '', 1, '0946 915 700', 'Cao Lãnh - Đồng Tháp', 0),
(2, 'Nguyễn Quang Minh', 'Phục vụ', 0, '0932502838', 'Châu Thành, Đồng Tháp', 0),
(3, 'Nguyễn Văn Hiếu', 'Phục vụ', 0, '0', 'Sóc Trăng', 0),
(4, 'Trần Thanh Chỉ', 'Phục vụ', 1, '', 'Châu Thành, Đồng Tháp', 0);

-- --------------------------------------------------------

--
-- Table structure for table `tbl_guest`
--

CREATE TABLE IF NOT EXISTS `tbl_guest` (
  `id` int(11) NOT NULL AUTO_INCREMENT,
  `ip` varchar(16) CHARACTER SET latin1 NOT NULL,
  `entry_time` varchar(32) CHARACTER SET latin1 NOT NULL,
  `exit_time` varchar(32) CHARACTER SET latin1 NOT NULL,
  `agent` varchar(16) CHARACTER SET latin1 NOT NULL,
  PRIMARY KEY (`id`)
) ENGINE=InnoDB  DEFAULT CHARSET=utf8 AUTO_INCREMENT=150 ;

--
-- Dumping data for table `tbl_guest`
--

INSERT INTO `tbl_guest` (`id`, `ip`, `entry_time`, `exit_time`, `agent`) VALUES
(149, '115.78.94.118', '1383319305', '1383322905', '115.78.94.118');

-- --------------------------------------------------------

--
-- Table structure for table `tbl_order_import`
--

CREATE TABLE IF NOT EXISTS `tbl_order_import` (
  `id` int(11) NOT NULL AUTO_INCREMENT,
  `idsupplier` int(11) NOT NULL,
  `date` date NOT NULL,
  `description` varchar(50) CHARACTER SET utf8 NOT NULL,
  PRIMARY KEY (`id`),
  KEY `tbl_order_import_1` (`idsupplier`)
) ENGINE=InnoDB  DEFAULT CHARSET=utf8 COLLATE=utf8_unicode_ci AUTO_INCREMENT=347 ;

--
-- Dumping data for table `tbl_order_import`
--

INSERT INTO `tbl_order_import` (`id`, `idsupplier`, `date`, `description`) VALUES
(7, 9, '2013-04-07', ''),
(10, 12, '2013-04-01', ''),
(11, 12, '2013-04-02', ''),
(12, 12, '2013-04-04', ''),
(13, 12, '2013-04-05', ''),
(14, 12, '2013-04-07', ''),
(15, 12, '2013-04-08', ''),
(16, 12, '2013-04-09', ''),
(18, 9, '2013-04-05', ''),
(19, 9, '2013-04-09', ''),
(20, 1, '2013-04-10', ''),
(21, 8, '2013-04-11', ''),
(22, 12, '2013-04-11', ''),
(23, 1, '2013-04-12', ''),
(24, 9, '2013-04-12', ''),
(25, 12, '2013-04-12', ''),
(28, 1, '2013-04-13', ''),
(29, 12, '2013-04-13', ''),
(30, 6, '2013-04-13', ''),
(31, 8, '2013-04-13', ''),
(32, 8, '2013-04-02', ''),
(33, 6, '2013-04-02', ''),
(35, 6, '2013-04-06', ''),
(36, 6, '2013-04-07', ''),
(37, 6, '2013-04-12', ''),
(38, 6, '2013-04-14', ''),
(39, 12, '2013-04-14', ''),
(40, 1, '2013-04-15', ''),
(41, 12, '2013-04-15', ''),
(42, 8, '2013-04-15', ''),
(43, 12, '2013-04-16', ''),
(45, 11, '2013-03-31', ''),
(46, 6, '2013-03-31', ''),
(48, 9, '2013-03-31', ''),
(49, 12, '2013-04-17', ''),
(50, 1, '2013-04-17', ''),
(51, 12, '2013-04-18', ''),
(52, 12, '2013-04-19', ''),
(53, 9, '2013-04-20', ''),
(54, 12, '2013-04-20', ''),
(55, 1, '2013-04-21', ''),
(57, 8, '2013-04-22', ''),
(61, 9, '2013-04-23', ''),
(62, 12, '2013-04-23', ''),
(67, 6, '2013-04-24', ''),
(68, 12, '2013-04-26', ''),
(69, 12, '2013-04-27', ''),
(70, 12, '2013-04-28', ''),
(71, 6, '2013-04-28', ''),
(72, 8, '2013-04-28', ''),
(73, 8, '2013-04-29', ''),
(76, 9, '2013-04-29', 'Đậu nành sấy: 100 bich x 4000đ'),
(77, 12, '2013-04-29', ''),
(78, 1, '2013-04-22', ''),
(79, 1, '2013-04-25', ''),
(80, 1, '2013-04-27', ''),
(81, 12, '2013-05-01', ''),
(82, 1, '2013-05-01', ''),
(83, 6, '2013-05-01', ''),
(84, 9, '2013-05-03', ''),
(85, 8, '2013-05-03', ''),
(86, 12, '2013-05-03', ''),
(87, 12, '2013-05-05', ''),
(88, 1, '2013-05-05', ''),
(89, 1, '2013-05-06', ''),
(90, 12, '2013-05-06', ''),
(91, 6, '2013-05-06', ''),
(92, 11, '2013-05-07', ''),
(93, 6, '2013-05-07', ''),
(94, 1, '2013-05-07', ''),
(95, 8, '2013-05-07', ''),
(96, 12, '2013-05-07', ''),
(97, 9, '2013-05-06', ''),
(98, 12, '2013-05-08', ''),
(99, 1, '2013-05-10', ''),
(100, 12, '2013-05-10', ''),
(101, 1, '2013-05-11', ''),
(102, 8, '2013-05-11', ''),
(105, 9, '2013-05-11', ''),
(106, 8, '2013-05-14', ''),
(107, 1, '2013-05-13', ''),
(108, 12, '2013-05-13', ''),
(111, 11, '2013-03-28', 'Tồn kho tính đến ngày 28/03'),
(112, 1, '2013-05-19', ''),
(113, 8, '2013-05-19', ''),
(114, 12, '2013-05-19', ''),
(115, 6, '2013-05-19', ''),
(116, 8, '2013-03-31', 'Tồn tính đến ngày 28/03'),
(117, 6, '2013-03-28', 'Tồn kho tính đến ngày 28/03'),
(118, 9, '2013-03-28', 'Tồn khó tính đến ngày 28/03\r\n'),
(120, 12, '2013-05-15', ''),
(121, 6, '2013-05-16', ''),
(122, 12, '2013-05-17', ''),
(123, 6, '2013-05-20', ''),
(124, 12, '2013-05-21', ''),
(125, 8, '2013-05-22', ''),
(126, 8, '2013-05-23', ''),
(127, 1, '2013-05-23', ''),
(128, 1, '2013-05-21', ''),
(129, 8, '2013-05-24', ''),
(130, 12, '2013-05-26', ''),
(131, 8, '2013-05-27', ''),
(133, 1, '2013-05-16', ''),
(134, 1, '2013-05-25', ''),
(135, 1, '2013-05-27', ''),
(136, 9, '2013-05-27', ''),
(137, 6, '2013-05-27', ''),
(138, 12, '2013-05-28', ''),
(139, 9, '2013-05-28', ''),
(140, 1, '2013-05-31', ''),
(141, 6, '2013-05-29', ''),
(142, 12, '2013-05-29', ''),
(143, 9, '2013-05-30', ''),
(144, 8, '2013-05-30', ''),
(145, 12, '2013-05-31', ''),
(147, 8, '2013-05-31', ''),
(148, 6, '2013-06-01', ''),
(149, 9, '2013-06-01', ''),
(150, 12, '2013-06-01', ''),
(152, 1, '2013-05-29', ''),
(153, 6, '2013-06-02', ''),
(154, 12, '2013-06-03', ''),
(155, 1, '2013-06-04', ''),
(156, 8, '2013-06-04', ''),
(157, 1, '2013-06-06', ''),
(158, 12, '2013-06-04', ''),
(159, 1, '2013-06-08', ''),
(160, 12, '2013-06-08', ''),
(161, 9, '2013-06-08', ''),
(162, 8, '2013-06-10', ''),
(163, 1, '2013-06-13', ''),
(164, 1, '2013-06-11', ''),
(165, 1, '2013-06-12', ''),
(166, 8, '2013-06-13', ''),
(167, 12, '2013-06-09', ''),
(168, 12, '2013-06-12', ''),
(169, 1, '2013-06-15', ''),
(170, 12, '2013-06-14', ''),
(171, 12, '2013-06-15', ''),
(172, 6, '2013-06-16', ''),
(173, 8, '2013-06-15', ''),
(174, 8, '2013-06-20', ''),
(175, 9, '2013-06-29', ''),
(176, 8, '2013-07-01', ''),
(177, 1, '2013-06-18', ''),
(178, 1, '2013-06-21', ''),
(179, 1, '2013-06-24', ''),
(180, 1, '2013-06-28', ''),
(181, 1, '2013-06-29', ''),
(182, 1, '2013-06-30', ''),
(183, 12, '2013-06-19', ''),
(184, 12, '2013-06-23', ''),
(185, 12, '2013-06-24', ''),
(186, 12, '2013-06-28', ''),
(187, 12, '2013-06-29', ''),
(188, 12, '2013-06-30', ''),
(189, 12, '2013-07-02', ''),
(190, 9, '2013-07-03', ''),
(191, 1, '2013-07-04', ''),
(192, 12, '2013-07-04', ''),
(193, 1, '2013-07-07', ''),
(195, 6, '2013-07-05', ''),
(196, 8, '2013-07-06', ''),
(197, 12, '2013-07-05', ''),
(198, 12, '2013-07-07', ''),
(199, 1, '2013-07-11', ''),
(200, 1, '2013-07-14', ''),
(202, 8, '2013-07-13', ''),
(203, 8, '2013-07-14', ''),
(204, 9, '2013-07-14', ''),
(205, 8, '2013-07-18', ''),
(206, 1, '2013-07-16', ''),
(207, 1, '2013-07-18', ''),
(208, 1, '2013-07-20', ''),
(209, 9, '2013-07-20', ''),
(210, 12, '2013-07-09', ''),
(211, 12, '2013-07-11', ''),
(212, 12, '2013-07-12', ''),
(213, 12, '2013-07-13', ''),
(214, 12, '2013-07-15', ''),
(215, 12, '2013-07-16', ''),
(216, 12, '2013-07-17', ''),
(217, 12, '2013-07-18', ''),
(218, 12, '2013-07-19', ''),
(219, 12, '2013-07-23', ''),
(220, 8, '2013-07-25', ''),
(221, 6, '2013-07-25', ''),
(222, 11, '2013-07-26', ''),
(223, 8, '2013-08-02', ''),
(225, 1, '2013-07-23', ''),
(226, 1, '2013-07-25', ''),
(227, 1, '2013-07-27', ''),
(228, 1, '2013-07-30', ''),
(229, 1, '2013-08-01', ''),
(230, 1, '2013-08-02', ''),
(231, 8, '2013-07-31', ''),
(232, 12, '2013-07-24', ''),
(233, 12, '2013-07-25', ''),
(234, 12, '2013-07-26', ''),
(235, 12, '2013-07-28', ''),
(236, 12, '2013-07-29', ''),
(237, 12, '2013-07-31', ''),
(238, 12, '2013-08-02', ''),
(240, 6, '2013-08-03', ''),
(241, 8, '2013-08-04', ''),
(242, 8, '2013-08-06', ''),
(243, 9, '2013-08-05', ''),
(244, 6, '2013-08-08', ''),
(245, 1, '2013-08-04', ''),
(246, 1, '2013-08-05', ''),
(247, 1, '2013-08-06', ''),
(248, 1, '2013-08-08', ''),
(249, 12, '2013-08-04', ''),
(250, 12, '2013-08-05', ''),
(251, 12, '2013-08-06', ''),
(252, 12, '2013-08-08', ''),
(253, 9, '2013-08-08', ''),
(254, 1, '2013-08-12', ''),
(255, 1, '2013-08-13', ''),
(256, 8, '2013-08-13', ''),
(257, 1, '2013-08-15', ''),
(258, 8, '2013-08-15', ''),
(260, 9, '2013-08-17', ''),
(261, 1, '2013-08-17', ''),
(262, 8, '2013-08-18', ''),
(263, 9, '2013-08-19', ''),
(264, 1, '2013-08-20', ''),
(265, 8, '2013-08-21', ''),
(266, 1, '2013-08-23', ''),
(267, 9, '2013-08-25', ''),
(268, 1, '2013-08-26', ''),
(269, 8, '2013-08-26', ''),
(270, 6, '2013-08-28', ''),
(271, 12, '2013-08-29', ''),
(272, 9, '2013-08-29', ''),
(273, 9, '2013-08-28', ''),
(274, 15, '2013-06-01', ''),
(277, 8, '2013-08-31', ''),
(278, 6, '2013-09-02', ''),
(279, 12, '2013-09-02', ''),
(280, 9, '2013-09-02', ''),
(281, 8, '2013-09-03', 'Mua ngoài'),
(282, 14, '2013-09-09', ''),
(283, 12, '2013-09-10', ''),
(285, 12, '2013-09-11', ''),
(286, 16, '2013-09-12', ''),
(287, 13, '2013-09-18', ''),
(288, 8, '2013-09-26', ''),
(289, 12, '2013-09-27', ''),
(290, 8, '2013-09-27', ''),
(292, 12, '2013-10-03', ''),
(293, 9, '2013-10-03', ''),
(294, 8, '2013-10-05', ''),
(295, 16, '2013-10-05', ''),
(296, 11, '2013-10-10', ''),
(297, 8, '2013-10-13', ''),
(298, 18, '2013-10-21', 'Nhập ĐL Tam Bình (mượn 40 két vỏ SGĐ)'),
(299, 17, '2013-08-28', ''),
(301, 11, '2013-08-29', ''),
(302, 11, '2013-08-31', ''),
(303, 1, '2013-08-28', ''),
(304, 1, '2013-09-02', ''),
(305, 1, '2013-09-03', ''),
(306, 1, '2013-09-06', ''),
(307, 1, '2013-09-07', ''),
(308, 1, '2013-09-12', ''),
(309, 1, '2013-09-14', ''),
(310, 1, '2013-09-16', ''),
(311, 1, '2013-09-19', ''),
(312, 1, '2013-09-25', ''),
(313, 1, '2013-09-28', ''),
(314, 8, '2013-09-02', ''),
(315, 8, '2013-09-08', ''),
(316, 8, '2013-09-18', ''),
(317, 9, '2013-09-06', ''),
(318, 9, '2013-09-18', ''),
(327, 9, '2013-04-01', 'DL tạm'),
(328, 6, '2013-04-01', 'DL tạm'),
(329, 8, '2013-04-01', 'DL tạm'),
(330, 11, '2013-04-01', 'DL tạm'),
(331, 8, '2013-06-01', 'DL tạm'),
(332, 6, '2013-06-01', 'DL tạm'),
(333, 9, '2013-06-01', 'DL tạm'),
(334, 8, '2013-07-01', 'DL tạm'),
(335, 6, '2013-07-01', 'DL tạm'),
(336, 11, '2013-07-01', 'DL tạm'),
(338, 14, '2013-07-01', 'DL tạm'),
(339, 9, '2013-07-01', 'DL tạm'),
(340, 11, '2013-08-01', 'DL tạm'),
(341, 9, '2013-08-01', 'DL tạm'),
(342, 8, '2013-09-01', 'DL tạm'),
(343, 11, '2013-09-01', 'DL tạm'),
(344, 9, '2013-09-01', 'DL tạm'),
(345, 6, '2013-09-01', 'DL tạm'),
(346, 17, '2013-09-01', 'DL tạm');

-- --------------------------------------------------------

--
-- Table structure for table `tbl_order_import_detail`
--

CREATE TABLE IF NOT EXISTS `tbl_order_import_detail` (
  `id` int(11) NOT NULL AUTO_INCREMENT,
  `idorder` int(11) NOT NULL,
  `idresource` int(11) NOT NULL,
  `count` float NOT NULL,
  `price` int(11) NOT NULL,
  PRIMARY KEY (`id`),
  KEY `tbl_order_import_detail_1` (`idorder`),
  KEY `tbl_order_import_detail_2` (`idresource`)
) ENGINE=InnoDB  DEFAULT CHARSET=utf8 COLLATE=utf8_unicode_ci AUTO_INCREMENT=629 ;

--
-- Dumping data for table `tbl_order_import_detail`
--

INSERT INTO `tbl_order_import_detail` (`id`, `idorder`, `idresource`, `count`, `price`) VALUES
(2, 7, 44, 100, 3000),
(3, 10, 53, 2, 10000),
(4, 11, 54, 2, 15000),
(5, 11, 53, 1, 15000),
(6, 11, 48, 2, 7500),
(7, 11, 55, 1, 12000),
(8, 12, 54, 2, 12500),
(9, 12, 53, 3, 13500),
(10, 12, 55, 2, 12000),
(11, 12, 48, 2, 10000),
(12, 13, 55, 1, 8000),
(13, 13, 54, 2, 11000),
(14, 13, 53, 1, 17000),
(15, 14, 53, 3, 10000),
(16, 14, 48, 1, 10000),
(17, 15, 47, 10, 9000),
(18, 14, 52, 5, 22000),
(19, 16, 54, 2, 15000),
(20, 16, 48, 3, 6700),
(23, 18, 59, 9, 26667),
(24, 18, 58, 1, 0),
(25, 19, 39, 10, 16500),
(26, 19, 40, 10, 23500),
(27, 20, 2, 5, 16000),
(28, 21, 19, 120, 13042),
(29, 21, 22, 100, 8900),
(30, 21, 20, 120, 15084),
(31, 22, 48, 3, 6700),
(32, 22, 53, 2, 12500),
(33, 22, 54, 7, 11450),
(34, 22, 56, 4, 6500),
(35, 23, 2, 5, 16000),
(36, 24, 59, 10, 27500),
(37, 25, 53, 2, 15000),
(38, 28, 2, 5, 16000),
(39, 29, 48, 2, 5000),
(40, 29, 54, 2, 13000),
(41, 29, 53, 3, 12000),
(42, 30, 27, 10, 17500),
(43, 29, 47, 10, 9000),
(44, 31, 20, 120, 15084),
(45, 32, 19, 120, 13042),
(46, 33, 27, 5, 19000),
(47, 35, 27, 10, 17500),
(48, 36, 28, 20, 2500),
(49, 37, 28, 20, 2500),
(50, 24, 61, 200, 550),
(51, 38, 28, 20, 2500),
(52, 39, 50, 1, 17000),
(53, 39, 53, 2, 11000),
(54, 39, 54, 3, 9000),
(55, 40, 2, 5, 16000),
(56, 41, 53, 2, 11000),
(57, 41, 50, 1, 15000),
(58, 42, 19, 120, 13042),
(59, 42, 21, 100, 6600),
(60, 42, 22, 100, 8900),
(61, 42, 62, 120, 11667),
(62, 42, 63, 24, 3584),
(63, 43, 50, 1, 20000),
(64, 45, 45, 44, 7000),
(65, 45, 46, 40, 7000),
(66, 46, 27, 2, 0),
(67, 46, 28, 23, 0),
(68, 46, 29, 29, 0),
(69, 46, 30, 25, 0),
(70, 46, 31, 25, 0),
(71, 46, 32, 130, 0),
(84, 46, 17, 59, 0),
(85, 48, 59, 8, 0),
(86, 48, 39, 11, 0),
(87, 48, 40, 6, 0),
(88, 48, 35, 377, 0),
(89, 49, 55, 2, 12500),
(90, 50, 2, 5, 16000),
(91, 51, 53, 2, 10500),
(92, 51, 54, 2, 12500),
(93, 52, 47, 15, 8000),
(94, 53, 61, 500, 538),
(95, 53, 39, 20, 16700),
(96, 54, 53, 3, 10000),
(97, 54, 54, 5, 12000),
(98, 54, 55, 2, 15000),
(99, 55, 2, 5, 16000),
(100, 57, 19, 240, 13042),
(101, 57, 21, 200, 6600),
(102, 57, 22, 200, 8900),
(103, 62, 53, 2, 12000),
(104, 62, 55, 2, 10000),
(105, 61, 44, 50, 3000),
(106, 61, 59, 33, 27273),
(107, 67, 31, 10, 17700),
(108, 67, 30, 10, 16800),
(109, 68, 47, 12, 8584),
(110, 68, 54, 2, 6000),
(111, 68, 53, 2, 13000),
(112, 68, 50, 1, 13000),
(113, 69, 55, 2, 10000),
(114, 69, 53, 2, 12000),
(115, 69, 54, 2, 6000),
(116, 70, 53, 3, 11660),
(117, 71, 27, 10, 17500),
(118, 72, 19, 96, 13042),
(119, 73, 19, 120, 13042),
(120, 73, 21, 200, 6600),
(121, 77, 47, 3, 15000),
(122, 77, 54, 6, 14850),
(123, 77, 55, 3, 15335),
(124, 78, 2, 3, 16000),
(125, 79, 2, 6, 16000),
(126, 80, 2, 3, 16000),
(127, 81, 53, 6, 11000),
(128, 81, 54, 5, 9000),
(129, 81, 55, 2, 12000),
(130, 82, 2, 5, 16000),
(131, 83, 28, 20, 2500),
(132, 84, 43, 40, 1700),
(133, 84, 65, 20, 15400),
(134, 84, 40, 20, 23000),
(135, 84, 39, 30, 17100),
(136, 85, 21, 200, 6600),
(137, 85, 60, 24, 7209),
(138, 86, 55, 2, 12000),
(139, 87, 47, 21, 9000),
(140, 88, 2, 4, 16000),
(141, 87, 54, 3, 7000),
(142, 89, 2, 4, 16000),
(143, 90, 53, 6, 10000),
(144, 91, 31, 10, 19500),
(145, 91, 30, 10, 16800),
(147, 92, 46, 50, 7000),
(148, 93, 27, 10, 17500),
(149, 94, 2, 3, 16000),
(150, 95, 21, 200, 6600),
(151, 96, 53, 6, 10000),
(152, 97, 61, 300, 538),
(153, 95, 74, 24, 7709),
(154, 95, 72, 24, 6167),
(155, 98, 54, 2, 5000),
(156, 98, 55, 2, 10000),
(157, 99, 2, 3, 16000),
(158, 100, 54, 6, 8333),
(159, 101, 2, 3, 16000),
(160, 102, 19, 120, 13042),
(161, 102, 21, 100, 6600),
(162, 105, 44, 48, 3000),
(163, 106, 19, 72, 13042),
(164, 106, 22, 100, 8900),
(165, 107, 2, 3, 16000),
(166, 108, 54, 2, 9000),
(167, 108, 53, 1, 15000),
(168, 112, 2, 5, 16000),
(169, 113, 20, 96, 15084),
(170, 113, 21, 200, 6600),
(171, 114, 54, 3, 8000),
(172, 115, 27, 10, 17500),
(173, 114, 52, 1, 15000),
(174, 114, 47, 2, 8000),
(175, 116, 19, 122, 13042),
(176, 116, 20, 175, 15084),
(177, 116, 21, 770, 6600),
(178, 116, 22, 168, 8900),
(179, 116, 23, 156, 10896),
(180, 116, 62, 24, 11667),
(181, 116, 26, 185, 9917),
(182, 116, 25, 228, 10834),
(183, 116, 24, 84, 8625),
(184, 116, 63, 17, 3584),
(186, 116, 64, 24, 4500),
(188, 117, 17, 59, 0),
(189, 117, 30, 25, 15500),
(190, 117, 31, 25, 19500),
(191, 117, 29, 29, 0),
(192, 117, 27, 2, 0),
(193, 117, 32, 130, 0),
(194, 117, 28, 23, 0),
(195, 111, 45, 44, 7000),
(196, 111, 46, 40, 7000),
(197, 118, 35, 377, 0),
(198, 118, 39, 11, 16500),
(199, 118, 40, 6, 23500),
(200, 118, 58, 8, 0),
(201, 118, 65, 4, 15500),
(202, 120, 54, 3, 8000),
(203, 121, 28, 20, 2500),
(204, 122, 54, 5, 10000),
(205, 122, 52, 1, 15000),
(206, 123, 29, 10, 10500),
(207, 123, 30, 10, 18500),
(208, 123, 31, 10, 20500),
(209, 124, 54, 2, 10000),
(210, 124, 52, 2, 14500),
(211, 125, 19, 120, 13042),
(212, 126, 22, 100, 8900),
(213, 127, 2, 3, 16000),
(214, 128, 2, 3, 16000),
(215, 129, 22, 100, 8900),
(216, 129, 63, 24, 3584),
(217, 130, 54, 10, 7500),
(218, 130, 52, 1.5, 14000),
(219, 130, 47, 2, 8000),
(220, 131, 20, 72, 15000),
(221, 116, 60, 22, 7209),
(222, 133, 2, 4, 16000),
(223, 134, 2, 5, 16000),
(224, 135, 2, 3, 16000),
(225, 137, 28, 20, 2500),
(226, 136, 65, 10, 15300),
(227, 138, 47, 2, 10000),
(228, 139, 65, 30, 15300),
(229, 140, 2, 5, 16000),
(230, 141, 27, 10, 17500),
(231, 142, 54, 5, 8000),
(232, 143, 61, 300, 592),
(233, 144, 22, 140, 8900),
(234, 144, 21, 160, 6600),
(235, 145, 54, 5, 6000),
(236, 145, 52, 1, 15000),
(237, 147, 19, 120, 13042),
(238, 139, 61, 50, 800),
(239, 148, 31, 20, 20800),
(240, 148, 29, 20, 10900),
(241, 148, 30, 30, 16800),
(242, 149, 61, 200, 538),
(243, 150, 54, 2, 10000),
(244, 150, 55, 2, 12000),
(245, 150, 79, 4, 6000),
(247, 152, 2, 3, 16000),
(248, 153, 28, 60, 2500),
(249, 154, 50, 2, 10000),
(250, 155, 2, 3, 16000),
(251, 156, 20, 48, 15084),
(252, 156, 21, 80, 6600),
(253, 157, 2, 2, 16000),
(254, 158, 79, 2, 6000),
(255, 158, 54, 1, 9000),
(256, 159, 2, 3, 16000),
(257, 160, 54, 2, 15000),
(258, 160, 79, 3.9, 6000),
(259, 161, 44, 24, 3000),
(260, 162, 21, 100, 6600),
(261, 163, 2, 3, 16000),
(262, 164, 2, 3, 16000),
(263, 165, 2, 3, 16000),
(264, 166, 19, 96, 13042),
(265, 166, 20, 48, 15000),
(266, 166, 22, 80, 9000),
(267, 167, 54, 3, 12000),
(268, 167, 79, 4, 6000),
(269, 168, 54, 2, 15000),
(270, 168, 79, 4, 5000),
(271, 169, 2, 3, 16000),
(272, 170, 47, 2, 12000),
(273, 170, 50, 2, 12000),
(274, 171, 47, 15, 9000),
(275, 171, 50, 1.7, 15000),
(276, 171, 54, 2, 15000),
(277, 171, 79, 3.85, 6000),
(278, 172, 27, 10, 17500),
(279, 173, 22, 100, 9000),
(280, 173, 21, 200, 6600),
(281, 174, 22, 100, 9000),
(282, 174, 21, 200, 6600),
(283, 175, 44, 45, 3000),
(284, 176, 22, 200, 9000),
(285, 177, 2, 3, 16000),
(286, 178, 2, 3, 16000),
(287, 179, 2, 3, 16000),
(288, 180, 2, 2, 16000),
(289, 181, 2, 2, 16000),
(290, 182, 2, 3, 16000),
(291, 183, 54, 3, 12000),
(292, 183, 79, 4.1, 6000),
(293, 183, 49, 1.8, 15000),
(294, 184, 49, 2.8, 15000),
(295, 184, 79, 3.9, 7000),
(296, 184, 50, 2, 10000),
(297, 185, 54, 1.8, 12000),
(298, 186, 54, 2, 15000),
(299, 186, 50, 1.3, 16000),
(300, 186, 79, 2, 7000),
(301, 187, 47, 1.3, 15000),
(302, 187, 50, 1, 15000),
(303, 187, 79, 2.1, 7000),
(304, 188, 47, 1.3, 15000),
(305, 188, 50, 1, 16000),
(306, 188, 54, 2, 15000),
(307, 189, 50, 2, 14000),
(308, 189, 55, 1.3, 12000),
(309, 189, 79, 2.4, 8000),
(310, 190, 39, 10, 17000),
(311, 191, 2, 3, 16000),
(312, 192, 54, 2, 15000),
(313, 193, 2, 3, 16000),
(314, 195, 27, 20, 16800),
(315, 196, 21, 100, 6600),
(316, 196, 19, 120, 13084),
(317, 196, 20, 48, 15000),
(318, 197, 50, 1, 15000),
(319, 198, 54, 1, 15000),
(320, 198, 50, 0.8, 20000),
(321, 198, 79, 1.9, 8000),
(322, 199, 2, 3, 16000),
(323, 200, 2, 2, 16000),
(324, 202, 21, 200, 6600),
(325, 202, 22, 100, 9000),
(326, 203, 72, 24, 6167),
(327, 203, 64, 24, 5200),
(328, 203, 60, 24, 7400),
(329, 204, 61, 500, 538),
(330, 205, 21, 100, 6600),
(331, 205, 22, 200, 9000),
(332, 206, 2, 3, 16000),
(333, 207, 2, 3, 16000),
(334, 208, 2, 3, 16000),
(335, 209, 59, 10, 27500),
(336, 209, 39, 10, 16800),
(337, 209, 40, 10, 22500),
(338, 210, 50, 1, 15000),
(339, 210, 54, 2.5, 15000),
(340, 211, 55, 1, 16000),
(341, 211, 79, 2.5, 8000),
(342, 211, 50, 1, 20000),
(343, 212, 55, 1, 14000),
(344, 212, 47, 1.2, 12000),
(345, 213, 54, 1.4, 15500),
(346, 213, 47, 5, 10000),
(347, 214, 54, 2, 16000),
(348, 214, 79, 2, 8000),
(349, 214, 55, 2, 13000),
(350, 214, 50, 2, 15000),
(351, 215, 54, 2, 17000),
(352, 216, 50, 2, 16000),
(353, 217, 50, 2, 15000),
(354, 218, 54, 2.5, 20000),
(355, 219, 50, 2, 18000),
(356, 219, 54, 3, 22000),
(357, 220, 22, 300, 9000),
(358, 221, 28, 20, 2450),
(360, 221, 29, 1, 12000),
(361, 209, 65, 10, 15500),
(362, 222, 45, 20, 7000),
(363, 223, 21, 100, 6600),
(364, 223, 19, 72, 13084),
(365, 223, 22, 200, 9000),
(366, 223, 20, 48, 15000),
(367, 225, 2, 3, 16000),
(368, 226, 2, 3, 16000),
(369, 227, 2, 3, 16000),
(370, 228, 2, 3, 16000),
(371, 229, 2, 1, 15000),
(372, 230, 2, 3, 16000),
(373, 231, 20, 48, 15000),
(374, 232, 54, 2, 22000),
(375, 232, 55, 1.3, 15000),
(376, 232, 79, 1.5, 8000),
(377, 233, 79, 1.5, 8000),
(378, 234, 79, 1.8, 8000),
(379, 234, 47, 2, 16000),
(380, 234, 50, 2, 12000),
(381, 235, 54, 3, 20000),
(382, 236, 79, 3.8, 8000),
(383, 236, 54, 0, 10000),
(384, 236, 50, 2, 13000),
(385, 237, 79, 3.5, 8000),
(386, 237, 50, 4, 14000),
(387, 238, 54, 4, 22000),
(388, 238, 55, 1.6, 13000),
(389, 240, 29, 9, 10900),
(390, 240, 30, 20, 18300),
(391, 240, 31, 20, 22500),
(392, 241, 19, 96, 13334),
(393, 242, 19, 120, 13084),
(394, 242, 20, 48, 15000),
(395, 242, 22, 300, 9000),
(396, 242, 21, 200, 6600),
(397, 243, 44, 5, 3000),
(398, 244, 28, 40, 2450),
(399, 244, 27, 9, 17500),
(400, 245, 2, 3, 16000),
(401, 246, 2, 3, 16000),
(402, 247, 2, 3, 16000),
(403, 248, 2, 3, 16000),
(404, 249, 54, 3.5, 20000),
(405, 249, 55, 0.5, 8000),
(406, 249, 79, 2, 8000),
(407, 250, 50, 2.1, 12000),
(408, 250, 55, 1.5, 13000),
(409, 251, 54, 1, 20000),
(410, 251, 79, 4, 9000),
(411, 251, 50, 2, 15000),
(412, 252, 54, 3, 18500),
(413, 252, 79, 2.1, 8000),
(414, 252, 55, 3, 8000),
(415, 252, 47, 3, 8000),
(416, 252, 50, 3, 12000),
(417, 253, 59, 10, 26000),
(418, 254, 2, 3, 16000),
(419, 255, 2, 3, 16000),
(420, 256, 21, 200, 6600),
(421, 256, 26, 72, 9917),
(422, 256, 60, 24, 6084),
(423, 257, 2, 3, 16000),
(424, 258, 19, 240, 13042),
(425, 260, 61, 50, 800),
(426, 261, 2, 3, 16000),
(427, 262, 22, 200, 8900),
(428, 263, 61, 500, 800),
(429, 264, 2, 4, 16000),
(430, 265, 63, 24, 3584),
(431, 265, 72, 24, 6375),
(432, 266, 2, 3, 16000),
(433, 267, 65, 30, 15300),
(434, 267, 40, 10, 22500),
(435, 267, 39, 20, 17100),
(436, 268, 2, 3, 16000),
(437, 269, 21, 200, 6600),
(438, 270, 27, 15, 20000),
(439, 270, 80, 10, 11500),
(440, 270, 81, 4, 9700),
(441, 271, 51, 2, 29000),
(442, 271, 50, 4, 10000),
(443, 271, 53, 1, 16000),
(444, 271, 79, 3, 5000),
(445, 271, 82, 1, 10000),
(446, 272, 58, 25, 23000),
(447, 273, 59, 7, 33000),
(448, 274, 83, 240, 8000),
(449, 277, 19, 120, 13084),
(450, 277, 22, 200, 9000),
(451, 278, 28, 40, 2400),
(452, 278, 29, 20, 10300),
(453, 278, 30, 17, 5500),
(454, 278, 31, 30, 6200),
(455, 279, 48, 2, 6000),
(456, 279, 50, 6, 11000),
(457, 279, 47, 10, 14000),
(458, 279, 55, 2, 17000),
(459, 279, 84, 5, 6000),
(460, 280, 44, 50, 3000),
(461, 281, 20, 96, 15417),
(462, 282, 85, 1000, 550),
(463, 283, 55, 1, 15000),
(464, 283, 82, 2, 10000),
(465, 285, 50, 2, 12000),
(466, 285, 84, 3, 7000),
(467, 286, 88, 50, 11000),
(468, 287, 86, 120, 13084),
(469, 287, 89, 100, 6600),
(470, 287, 90, 100, 9000),
(471, 288, 60, 24, 6250),
(472, 289, 47, 10, 15000),
(473, 289, 50, 2.5, 12000),
(474, 289, 55, 2.5, 12000),
(475, 290, 22, 100, 9000),
(476, 290, 21, 100, 6600),
(477, 292, 50, 4, 20000),
(478, 293, 43, 100, 1200),
(479, 294, 21, 100, 6600),
(480, 294, 22, 100, 9500),
(481, 294, 64, 24, 4459),
(482, 295, 88, 50, 11000),
(483, 296, 96, 50, 16000),
(484, 297, 21, 100, 6600),
(485, 297, 22, 100, 9500),
(486, 298, 97, 400, 6400),
(487, 298, 98, 1000, 9200),
(488, 299, 93, 10, 10500),
(489, 299, 94, 15, 17800),
(490, 301, 46, 50, 7000),
(491, 302, 45, 20, 7000),
(492, 303, 2, 60, 800),
(493, 304, 2, 60, 800),
(494, 305, 2, 60, 800),
(495, 306, 2, 60, 800),
(496, 307, 2, 60, 800),
(497, 308, 2, 60, 800),
(498, 309, 2, 60, 800),
(499, 310, 2, 60, 800),
(500, 311, 2, 60, 800),
(501, 312, 2, 40, 800),
(502, 313, 2, 3, 800),
(503, 314, 22, 100, 9500),
(504, 314, 21, 100, 6600),
(505, 315, 21, 100, 6600),
(506, 315, 22, 100, 9500),
(507, 316, 19, 120, 13042),
(508, 316, 22, 100, 9500),
(509, 316, 21, 100, 6600),
(510, 314, 63, 48, 3584),
(511, 314, 74, 48, 7750),
(512, 279, 52, 2, 15000),
(513, 317, 40, 1, 23500),
(514, 317, 39, 1, 16500),
(515, 318, 39, 20, 16500),
(516, 318, 65, 10, 15500),
(558, 327, 35, 40, 5000),
(559, 327, 36, 35, 5000),
(560, 327, 58, 25, 22000),
(561, 328, 32, 111, 7000),
(562, 328, 29, 29, 10300),
(563, 328, 30, 21, 5500),
(564, 328, 31, 33, 6200),
(565, 328, 28, 21, 2000),
(566, 329, 21, 708, 6600),
(567, 329, 24, 61, 8625),
(568, 329, 64, 22, 4500),
(569, 329, 63, 48, 3584),
(570, 329, 72, 2, 6375),
(571, 329, 60, 17, 7208),
(572, 329, 26, 184, 9917),
(573, 329, 25, 226, 10834),
(574, 329, 70, 4, 6583),
(575, 330, 46, 45, 7000),
(576, 330, 45, 62, 7000),
(577, 327, 40, 5, 23500),
(578, 329, 19, 90, 13042),
(579, 329, 20, 76, 15084),
(580, 329, 22, 148, 8900),
(581, 329, 23, 157, 10896),
(582, 329, 74, 1, 7750),
(583, 327, 76, 102, 5000),
(584, 327, 39, 3, 16500),
(585, 331, 22, 4, 8900),
(586, 332, 32, 13, 7000),
(587, 333, 58, 7, 22000),
(588, 333, 44, 1, 3000),
(589, 333, 39, 8, 16500),
(590, 333, 40, 7, 23500),
(591, 333, 65, 6, 15500),
(592, 332, 27, 4, 17000),
(593, 334, 19, 1, 13042),
(594, 334, 21, 3, 6600),
(595, 334, 23, 18, 10896),
(596, 334, 25, 2, 10834),
(597, 334, 63, 1, 3584),
(598, 334, 64, 7, 4500),
(599, 334, 72, 2, 6375),
(600, 335, 31, 1, 6200),
(601, 335, 27, 1, 17000),
(602, 336, 46, 4, 7000),
(603, 336, 45, 1, 7000),
(604, 338, 85, 241, 550),
(605, 339, 39, 1, 16500),
(606, 339, 40, 1, 23500),
(607, 329, 73, 2, 5417),
(608, 339, 36, 6, 5000),
(609, 334, 70, 2, 6583),
(610, 336, 100, 6, 6000),
(611, 340, 100, 31, 6000),
(612, 341, 44, 13, 3000),
(613, 341, 36, 19, 5000),
(614, 341, 39, 6, 16500),
(615, 342, 20, 30, 15084),
(616, 343, 46, 1, 7000),
(617, 344, 44, 28, 3000),
(618, 345, 27, 32, 17000),
(619, 343, 100, 65, 6000),
(620, 344, 39, 39, 16500),
(621, 344, 40, 9, 23500),
(622, 344, 65, 14, 15500),
(623, 344, 61, 442, 800),
(624, 346, 92, 6, 14334),
(625, 346, 95, 29, 1800),
(626, 342, 70, 2, 6583),
(627, 344, 36, 35, 5000),
(628, 344, 59, 7, 30000);

-- --------------------------------------------------------

--
-- Table structure for table `tbl_paid_customer`
--

CREATE TABLE IF NOT EXISTS `tbl_paid_customer` (
  `id` int(11) NOT NULL AUTO_INCREMENT,
  `idcustomer` int(11) NOT NULL,
  `date` date NOT NULL,
  `value` int(11) NOT NULL,
  `note` varchar(50) COLLATE utf8_unicode_ci DEFAULT NULL,
  PRIMARY KEY (`id`),
  KEY `tbl_customer_paid_1` (`idcustomer`)
) ENGINE=InnoDB  DEFAULT CHARSET=utf8 COLLATE=utf8_unicode_ci AUTO_INCREMENT=19 ;

--
-- Dumping data for table `tbl_paid_customer`
--

INSERT INTO `tbl_paid_customer` (`id`, `idcustomer`, `date`, `value`, `note`) VALUES
(18, 1, '2013-05-16', 1, '');

-- --------------------------------------------------------

--
-- Table structure for table `tbl_paid_general`
--

CREATE TABLE IF NOT EXISTS `tbl_paid_general` (
  `id` int(11) NOT NULL AUTO_INCREMENT,
  `id_term` int(11) NOT NULL,
  `date` date NOT NULL,
  `value` int(11) NOT NULL,
  `note` varchar(50) COLLATE utf8_unicode_ci DEFAULT NULL,
  PRIMARY KEY (`id`),
  KEY `tbl_paid_1` (`id_term`)
) ENGINE=InnoDB  DEFAULT CHARSET=utf8 COLLATE=utf8_unicode_ci AUTO_INCREMENT=167 ;

--
-- Dumping data for table `tbl_paid_general`
--

INSERT INTO `tbl_paid_general` (`id`, `id_term`, `date`, `value`, `note`) VALUES
(9, 10, '2013-04-01', 157000, 'Chi tiền chợ'),
(10, 10, '2013-04-02', 146000, 'Tiền chợ'),
(11, 10, '2013-04-03', 189000, 'Tiền chợ'),
(12, 10, '2013-04-04', 184000, 'Tiền chợ'),
(13, 10, '2013-04-05', 173000, 'Tiền chợ'),
(14, 10, '2013-04-06', 213000, 'Tiền chợ'),
(15, 10, '2013-04-07', 123000, 'Tiền chợ'),
(16, 10, '2013-04-08', 224000, 'Tiền chợ'),
(17, 10, '2013-04-09', 200000, 'Tiền chợ'),
(19, 11, '2013-04-09', 57000, 'Tiền mua trái cây + bông cúng'),
(20, 11, '2013-04-06', 163000, 'Chi mua đồ điện '),
(21, 11, '2013-04-08', 250000, 'Mua CB'),
(22, 11, '2013-04-07', 57000, 'Trái cây cúng+bao kiếng trái cây'),
(23, 10, '2013-04-10', 102000, 'Tiền chợ'),
(25, 10, '2013-04-11', 106000, 'Tiền chợ'),
(26, 11, '2013-04-11', 30000, 'Trái cây cúng'),
(27, 10, '2013-04-13', 163000, 'Tiền chợ'),
(28, 11, '2013-04-13', 465000, 'Tiếp khách(Công An phường)\r\n'),
(31, 11, '2013-04-14', 400000, 'Nhập bình gas'),
(32, 11, '2013-04-14', 127000, 'Bông+trái cây cúng,Khoai mon làm chả giò,Nước rửa '),
(33, 10, '2013-04-14', 221000, 'Tiền chợ'),
(34, 10, '2013-04-15', 122000, 'Tiền chợ'),
(35, 10, '2013-04-17', 222000, 'Tiền chợ'),
(36, 10, '2013-04-18', 118000, 'Tiền chợ'),
(38, 10, '2013-04-19', 122000, 'Tiền chợ'),
(39, 10, '2013-04-20', 134000, 'Tiền chợ\r\n'),
(40, 11, '2013-04-19', 38000, 'Mua tương ớt + phô mai cho khách'),
(41, 11, '2013-04-20', 38000, 'Chai lau kiếng+bông cúng+bao kiếng trái cây\r\n'),
(42, 10, '2013-04-22', 120000, 'Tiền chợ\r\n'),
(43, 1, '2013-04-20', 649000, 'Tiền điện sinh hoạt'),
(44, 11, '2013-04-22', 42000, 'Bông + trái cây cúng,Tiền cafe Anh 2 tiếp khách'),
(45, 10, '2013-04-23', 97000, 'Tiền chợ'),
(46, 11, '2013-04-23', 34000, 'Trái cây cúng'),
(47, 10, '2013-04-24', 65000, 'Tiền chợ'),
(48, 11, '2013-04-24', 21000, 'Mua hóa đơn bán lẻ\r\n'),
(49, 10, '2013-04-25', 177000, 'Tiền chợ'),
(50, 11, '2013-04-25', 26000, 'Bông cúng+bọc đựng da cá basa'),
(51, 10, '2013-04-26', 100000, 'Tiền chợ'),
(52, 10, '2013-04-27', 102000, 'Tiền chợ'),
(53, 11, '2013-04-27', 168000, 'Trả tiền vật liệu(cát)+bình nước lọc(2 bình)'),
(54, 10, '2013-04-28', 103000, 'Tiền chợ'),
(55, 10, '2013-04-29', 126000, 'Tiền chợ'),
(56, 11, '2013-04-29', 19000, 'Muối+ớt làm rang muối'),
(57, 10, '2013-05-01', 95000, 'Tiền chợ'),
(58, 11, '2013-05-01', 24000, 'Bao kiếng trái cây(3 bao)'),
(59, 10, '2013-05-03', 183000, 'Tiền chợ'),
(60, 10, '2013-05-02', 62000, 'Tiền chợ'),
(61, 10, '2013-05-04', 85000, 'Tiền chợ'),
(62, 10, '2013-05-05', 89000, 'Tiền chợ\r\n'),
(63, 10, '2013-05-06', 32000, 'Tiền chợ'),
(65, 1, '2013-04-30', 6000000, ''),
(66, 2, '2013-04-30', 2100000, 'Tạm tính'),
(67, 10, '2013-05-07', 211000, 'Tiền chợ\r\n'),
(68, 11, '2013-05-07', 136000, 'Nấu cháo gà( Anh Khoa)\r\n'),
(69, 11, '2013-05-08', 7000, 'Mua hóa đơn bán lẻ'),
(70, 10, '2013-05-08', 115000, 'Tiền chợ'),
(71, 10, '2013-05-09', 117000, 'Tiền chợ'),
(72, 11, '2013-05-10', 6000, 'Cafe cho tài xế của khách'),
(73, 10, '2013-05-10', 81000, 'Tiền chợ'),
(74, 10, '2013-05-11', 99000, 'Tiền chợ\r\n'),
(75, 10, '2013-05-12', 330000, 'Tiền chợ'),
(76, 10, '2013-05-13', 85000, 'Tiền chợ\r\n'),
(77, 10, '2013-05-14', 74500, 'Tiền chợ'),
(78, 11, '2013-05-12', 141000, 'Mua chổi+cây lau nhà'),
(79, 3, '2013-04-30', 5600000, 'Thuế TTĐB'),
(81, 10, '2013-05-15', 221000, ''),
(82, 10, '2013-05-16', 106000, ''),
(83, 10, '2013-05-17', 129000, ''),
(85, 10, '2013-05-18', 99000, ''),
(86, 10, '2013-05-19', 85000, ''),
(87, 11, '2013-05-19', 414000, 'Bình gas+nguyên liệu làm motor'),
(88, 10, '2013-05-20', 40000, ''),
(89, 10, '2013-05-21', 73000, 'Tiền chợ\r\n'),
(90, 10, '2013-05-22', 102000, 'Tiền chợ'),
(91, 10, '2013-05-23', 169500, 'Tiền chợ'),
(92, 11, '2013-05-21', 3289000, 'Mua tập điểm 10 Thiên long + dầu gội(Anh Khoa)'),
(93, 11, '2013-05-22', 150000, 'Bông,trái cây cúng + mua sách'),
(94, 10, '2013-05-24', 100000, ''),
(95, 10, '2013-05-25', 200000, ''),
(96, 10, '2013-05-26', 199000, ''),
(97, 10, '2013-05-27', 91000, ''),
(98, 10, '2013-05-28', 180000, ''),
(99, 11, '2013-05-25', 91000, 'Bọc đựng rác+Pin remos'),
(100, 11, '2013-05-27', 100000, 'Cắt bảng mica(2 cái)'),
(101, 10, '2013-05-29', 160000, ''),
(102, 10, '2013-05-30', 235000, ''),
(103, 10, '2013-05-31', 93000, ''),
(104, 10, '2013-05-01', 132000, ''),
(105, 11, '2013-05-31', 132000, ''),
(106, 10, '2013-06-01', 132000, ''),
(107, 10, '2013-06-02', 155000, ''),
(108, 10, '2013-06-03', 105000, ''),
(109, 10, '2013-06-04', 50000, ''),
(111, 3, '2013-07-31', 1500000, 'Thuế TTĐB Tháng 07'),
(112, 1, '2013-07-31', 4000000, 'Tiền điện T07'),
(113, 2, '2013-07-31', 2000000, 'Tiền nước T07'),
(115, 10, '2013-06-05', 45000, ''),
(116, 10, '2013-06-06', 65000, ''),
(117, 10, '2013-06-07', 199000, ''),
(118, 10, '2013-06-08', 97000, ''),
(119, 10, '2013-06-10', 192000, ''),
(120, 10, '2013-06-11', 76000, ''),
(121, 10, '2013-06-12', 73000, ''),
(122, 10, '2013-06-13', 75000, ''),
(123, 10, '2013-06-14', 70000, ''),
(124, 10, '2013-06-15', 175000, ''),
(125, 10, '2013-06-16', 73000, ''),
(126, 10, '2013-06-17', 73000, ''),
(127, 10, '2013-06-18', 222000, ''),
(128, 10, '2013-06-21', 180000, ''),
(129, 10, '2013-06-22', 100000, ''),
(130, 10, '2013-06-24', 128000, ''),
(131, 10, '2013-06-27', 277000, ''),
(132, 10, '2013-06-30', 164000, ''),
(135, 10, '2013-07-03', 195000, ''),
(136, 10, '2013-07-05', 116000, ''),
(137, 10, '2013-07-07', 183000, ''),
(138, 10, '2013-07-09', 223000, ''),
(139, 10, '2013-07-12', 265000, ''),
(140, 10, '2013-07-15', 187000, ''),
(141, 10, '2013-07-18', 265000, ''),
(142, 10, '2013-07-20', 100000, ''),
(143, 10, '2013-07-21', 82000, ''),
(144, 10, '2013-07-23', 425000, ''),
(145, 10, '2013-07-26', 315000, ''),
(146, 10, '2013-07-29', 185000, ''),
(147, 10, '2013-07-31', 703000, ''),
(148, 10, '2013-08-02', 87000, ''),
(149, 10, '2013-08-05', 60000, ''),
(150, 10, '2013-08-06', 87000, ''),
(151, 10, '2013-08-08', 65000, ''),
(152, 10, '2013-08-09', 51000, ''),
(153, 10, '2013-10-06', 1000000, 'chung'),
(154, 3, '2013-06-30', 1350000, 'Thuế TTĐB'),
(155, 3, '2013-08-31', 800000, 'Thuế TTĐB T08'),
(156, 3, '2013-09-30', 850000, 'Thuế TTĐB T09'),
(157, 10, '2013-09-30', 2500000, 'Tổng tiền ăn NV T09'),
(158, 1, '2013-08-31', 5800000, 'Tiền điện T08'),
(159, 1, '2013-09-30', 3700000, 'Tiền điện T09'),
(160, 2, '2013-08-31', 2200000, 'Tiền nước T08'),
(161, 2, '2013-09-30', 2300000, 'Tiền nước T09'),
(162, 3, '2013-05-31', 2050000, 'TTB T05'),
(163, 1, '2013-05-31', 4700000, 'Tiền điện T05'),
(164, 1, '2013-06-30', 3900000, 'Tiền điện T06'),
(165, 2, '2013-05-31', 2350000, 'Tiền nước T05'),
(166, 2, '2013-06-30', 2260000, 'Tiền nước T06');

-- --------------------------------------------------------

--
-- Table structure for table `tbl_paid_pay_roll`
--

CREATE TABLE IF NOT EXISTS `tbl_paid_pay_roll` (
  `id` int(11) NOT NULL AUTO_INCREMENT,
  `idemployee` int(11) NOT NULL,
  `date` date NOT NULL,
  `value_base` int(11) NOT NULL,
  `value_sub` int(11) NOT NULL,
  `value_pre` int(11) NOT NULL,
  `note` varchar(50) COLLATE utf8_unicode_ci DEFAULT NULL,
  PRIMARY KEY (`id`),
  KEY `tbl_paid_pay_roll_1` (`idemployee`)
) ENGINE=InnoDB  DEFAULT CHARSET=utf8 COLLATE=utf8_unicode_ci AUTO_INCREMENT=33 ;

--
-- Dumping data for table `tbl_paid_pay_roll`
--

INSERT INTO `tbl_paid_pay_roll` (`id`, `idemployee`, `date`, `value_base`, `value_sub`, `value_pre`, `note`) VALUES
(4, 1, '2013-07-31', 2500000, 0, 1000000, ''),
(5, 2, '2013-07-31', 2000000, 501000, 2372000, ''),
(7, 3, '2013-07-31', 2000000, 0, 500000, ''),
(8, 4, '2013-07-31', 2500000, 0, 0, ''),
(9, 2, '2013-08-31', 2000000, 612000, 1016000, 'nợ phiếu'),
(10, 3, '2013-08-31', 2000000, 0, 1000000, ''),
(11, 4, '2013-08-31', 2500000, 0, 0, NULL),
(13, 4, '2013-09-30', 2500000, 0, 0, ''),
(17, 2, '2013-06-30', 2000000, 600000, 0, ''),
(18, 3, '2013-06-30', 2000000, 0, 0, ''),
(19, 2, '2013-09-30', 2000000, 357000, 1277000, '577.000đ (nợ phiếu) và 700.000đ (tạm ứng)'),
(20, 3, '2013-09-30', 2000000, 0, 0, 'Tạm tính'),
(23, 4, '2013-06-30', 2500000, 0, 0, ''),
(24, 4, '2013-05-31', 2500000, 0, 0, ''),
(25, 4, '2013-04-30', 2500000, 0, 0, ''),
(26, 2, '2013-05-31', 2000000, 350000, 0, ''),
(27, 2, '2013-04-30', 2000000, 462000, 600000, ''),
(28, 1, '2013-06-30', 2500000, 0, 0, ''),
(29, 1, '2013-05-31', 2500000, 0, 0, ''),
(30, 1, '2013-04-30', 2500000, 0, 500000, ''),
(31, 3, '2013-05-31', 2000000, 0, 0, ''),
(32, 2, '2013-10-31', 2000000, 303000, 3037000, '537.000đ (nợ phiếu) và 2.500.000đ (tạm ứng)');

-- --------------------------------------------------------

--
-- Table structure for table `tbl_paid_supplier`
--

CREATE TABLE IF NOT EXISTS `tbl_paid_supplier` (
  `id` int(11) NOT NULL AUTO_INCREMENT,
  `idsupplier` int(11) NOT NULL,
  `date` date NOT NULL,
  `value` int(11) NOT NULL,
  `note` varchar(50) COLLATE utf8_unicode_ci DEFAULT NULL,
  PRIMARY KEY (`id`),
  KEY `tbl_supplier_paid_1` (`idsupplier`)
) ENGINE=InnoDB  DEFAULT CHARSET=utf8 COLLATE=utf8_unicode_ci AUTO_INCREMENT=18 ;

--
-- Dumping data for table `tbl_paid_supplier`
--

INSERT INTO `tbl_paid_supplier` (`id`, `idsupplier`, `date`, `value`, `note`) VALUES
(1, 1, '2012-08-01', 2300000, 'được không ?'),
(2, 1, '2012-07-03', 350000, 'Ghi chú gì đây'),
(3, 1, '2012-07-26', 750000, 'Ghi ghi gì gì đó'),
(8, 6, '2012-09-19', 1000000, 'Thử nè được không đó !'),
(9, 1, '2012-09-19', 1000000, 'lung tung quá đi'),
(11, 1, '2012-01-01', 123, 'sdfdsfggf'),
(12, 1, '2012-09-24', 1230000, 'đâu biết'),
(13, 1, '2012-09-24', 1213232, ''),
(14, 1, '2012-09-24', 34243243, ''),
(15, 1, '2012-09-24', 21323, ''),
(16, 1, '2012-09-24', 123323, ''),
(17, 1, '2012-09-24', 21323, '');

-- --------------------------------------------------------

--
-- Table structure for table `tbl_r2c`
--

CREATE TABLE IF NOT EXISTS `tbl_r2c` (
  `id` int(11) NOT NULL AUTO_INCREMENT,
  `id_course` int(11) NOT NULL,
  `id_resource` int(11) NOT NULL,
  `value1` double NOT NULL,
  `value2` double NOT NULL,
  PRIMARY KEY (`id`),
  KEY `tbl_r2c_1` (`id_course`),
  KEY `tbl_r2c_2` (`id_resource`)
) ENGINE=InnoDB  DEFAULT CHARSET=utf8 COLLATE=utf8_unicode_ci AUTO_INCREMENT=154 ;

--
-- Dumping data for table `tbl_r2c`
--

INSERT INTO `tbl_r2c` (`id`, `id_course`, `id_resource`, `value1`, `value2`) VALUES
(103, 107, 19, 1, 1),
(104, 107, 86, 1, 1),
(105, 111, 21, 1, 1),
(106, 108, 20, 1, 1),
(107, 108, 87, 1, 1),
(108, 111, 89, 1, 1),
(109, 112, 22, 1, 1),
(110, 112, 90, 1, 1),
(111, 113, 23, 1, 1),
(112, 114, 24, 1, 1),
(113, 137, 26, 1, 1),
(114, 138, 25, 1, 1),
(115, 140, 62, 1, 1),
(116, 53, 70, 1, 1),
(117, 54, 64, 1, 1),
(118, 55, 74, 1, 1),
(119, 56, 75, 1, 1),
(120, 126, 63, 1, 1),
(121, 127, 72, 1, 1),
(122, 128, 69, 1, 1),
(123, 129, 73, 1, 1),
(124, 136, 71, 1, 1),
(125, 143, 60, 1, 1),
(126, 15, 65, 1, 1),
(127, 115, 40, 1, 1),
(128, 116, 39, 1, 1),
(129, 161, 95, 1, 1),
(130, 162, 85, 1, 1),
(131, 163, 43, 1, 1),
(132, 111, 97, 1, 1),
(133, 112, 98, 1, 1),
(134, 155, 83, 1, 1),
(135, 118, 29, 1, 1),
(136, 119, 30, 1, 1),
(137, 120, 31, 1, 1),
(138, 121, 27, 1, 1),
(139, 122, 28, 1, 1),
(140, 123, 36, 1, 1),
(141, 124, 35, 1, 1),
(142, 125, 32, 1, 1),
(143, 134, 58, 1, 1),
(144, 139, 44, 1, 1),
(145, 141, 45, 1, 1),
(146, 142, 46, 1, 1),
(147, 144, 59, 1, 1),
(148, 147, 76, 1, 1),
(149, 158, 80, 1, 1),
(150, 160, 92, 1, 1),
(151, 164, 96, 1, 1),
(152, 157, 100, 1, 1),
(153, 162, 61, 1, 1);

-- --------------------------------------------------------

--
-- Table structure for table `tbl_resource`
--

CREATE TABLE IF NOT EXISTS `tbl_resource` (
  `id` int(9) NOT NULL AUTO_INCREMENT,
  `idsupplier` int(11) NOT NULL,
  `name` varchar(100) COLLATE utf8_unicode_ci NOT NULL,
  `unit` varchar(15) COLLATE utf8_unicode_ci NOT NULL,
  `price` int(10) NOT NULL,
  `description` varchar(100) COLLATE utf8_unicode_ci NOT NULL,
  PRIMARY KEY (`id`),
  KEY `tbl_resource_1` (`idsupplier`)
) ENGINE=InnoDB  DEFAULT CHARSET=utf8 COLLATE=utf8_unicode_ci AUTO_INCREMENT=101 ;

--
-- Dumping data for table `tbl_resource`
--

INSERT INTO `tbl_resource` (`id`, `idsupplier`, `name`, `unit`, `price`, `description`) VALUES
(2, 1, 'Đá viên lớn', 'Kg', 800, 'Nước đá cưa - Bao 20kg'),
(14, 1, 'Nước đá ướp', 'Kg', 800, 'Đá cây ướp bia'),
(17, 6, 'Bánh', 'Gói', 5000, ''),
(19, 8, 'Heniken', 'Chai', 13042, ''),
(20, 8, 'Heniken.', 'Lon', 15084, 'Thùng 24 lon'),
(21, 8, 'Sài gòn đỏ', 'Chai', 6600, 'Két 20 chai'),
(22, 8, 'Sài gòn special', 'Chai', 8900, 'Két 20 chai'),
(23, 8, 'Sài gòn special.', 'Lon', 10896, 'Thùng 24 lon'),
(24, 8, 'Bia 333', 'Lon', 8625, 'Thùng 24 lon'),
(25, 8, 'Tiger bạc', 'Chai', 10834, 'Két 24 chai'),
(26, 8, 'Tiger', 'Chai', 9917, 'Két 24 chai'),
(27, 6, 'Xúc xích', 'Gói', 17000, ''),
(28, 6, 'CW Doublemin', 'Cây', 2000, ''),
(29, 6, 'Chả giò', 'Gói', 10300, ''),
(30, 6, 'Khô bò', 'Gói', 5500, ''),
(31, 6, 'Mít sấy', 'Gói', 6200, ''),
(32, 6, 'Đậu phộng da cá', 'Gói', 7000, ''),
(35, 9, 'Đậu phộng sấy', 'Gói', 5000, '5000'),
(36, 9, 'Đậu phộng chiên', 'Gói', 5000, ''),
(39, 9, 'Thuốc Craven', 'Gói', 16500, ''),
(40, 9, 'Thuốc 555', 'Gói', 23500, ''),
(43, 9, 'Quẹt gas', 'Cái', 1700, ''),
(44, 9, 'Đậu nành rang', 'Gói', 3000, 'Mua ngoài'),
(45, 11, 'Cơm cháy', 'Gói', 7000, ''),
(46, 11, 'Cá cơm', 'Gói', 7000, '0'),
(47, 12, 'Ổi', 'Kg', 9000, ''),
(48, 12, 'Củ sắn', 'Kg', 15000, ''),
(49, 12, 'Mít', 'Kg', 18000, ''),
(50, 12, 'Chôm chôm', 'Kg', 10000, ''),
(51, 12, 'Xoài Thái', 'Kg', 15000, ''),
(52, 12, 'Xoài Đài Loan', 'Kg', 15000, ''),
(53, 12, 'Xoài chua', 'Kg', 15000, ''),
(54, 12, 'Mận', 'Kg', 10000, ''),
(55, 12, 'Sơ ri', 'Kg', 12000, ''),
(56, 12, 'Thơm', 'Kg', 12000, ''),
(57, 12, 'Khóm', 'Kg', 10000, ''),
(58, 9, 'Khô mực N', 'Con', 22000, ''),
(59, 9, 'Khô mực', 'Con', 30000, ''),
(60, 8, 'Sting', 'Lon', 7208, 'Thùng 24 lon'),
(61, 9, 'Khăn lạnh', 'Cái', 800, ''),
(62, 8, 'Tiger.', 'Lon', 11667, 'Thùng 24 lon'),
(63, 8, 'Lavie 500ml', 'Chai', 3584, 'Thùng 24 chai'),
(64, 8, 'C2', 'Chai', 4500, 'Thùng 24 chai'),
(65, 9, 'Thuốc hút', 'Gói', 15500, ''),
(66, 9, 'Bánh tráng rế', 'Gói', 15000, 'Bánh tráng gói chả giò rế'),
(67, 9, 'Thịt ghẹ', 'Kg', 80000, 'Thịt ghẹ gói chả giò rế'),
(68, 9, 'Khoai cao', 'Kg', 30000, 'Khoai cao gói chả giò rế'),
(69, 8, '7 Up', 'Lon', 6375, 'Thùng 24 lon'),
(70, 8, 'Trà xanh', 'Chai', 6583, 'Thùng 24 chai'),
(71, 8, 'Red bull', 'Lon', 6200, 'Thùng 30 lon'),
(72, 8, 'Pepsi', 'Lon', 6375, 'Thùng 24 lon'),
(73, 8, 'Mirinda cam', 'Lon', 5417, 'Thùng 24 lon'),
(74, 8, 'Dr Thanh', 'Chai', 7750, 'Thùng 24 chai'),
(75, 8, 'Nước yến', 'Lon', 5917, 'Thùng 24 lon'),
(76, 9, 'Đậu nành sấy', 'Gói', 5000, ''),
(77, 9, 'Nhái khô', 'Kg', 600000, ''),
(78, 6, 'Oshi', 'Gói', 5000, ''),
(79, 12, 'Dưa hấu', 'Kg', 10000, ''),
(80, 6, 'Xúc xích N', 'Gói', 11500, ''),
(81, 6, 'Tương ớt', 'Chai', 9700, ''),
(82, 12, 'Táo', 'Kg', 10000, ''),
(83, 15, 'SAGOTA', 'Lon', 8000, ''),
(84, 12, 'Cóc', 'Kg', 6000, ''),
(85, 14, 'Khăn lạnh', 'Cái', 550, ''),
(86, 13, 'Heniken', 'Chai', 13083, ''),
(87, 13, 'Heniken.', 'Lon', 10834, ''),
(88, 16, 'Gạo', 'Kg', 11000, ''),
(89, 13, 'Sài gòn đỏ', 'Chai', 6600, 'Két 20 chai'),
(90, 13, 'Sài gòn special', 'Chai', 9000, 'Két 20 chai'),
(91, 1, 'Đá ống viên lớn', 'Kg', 800, 'Bao 20kg'),
(92, 17, 'Phô mai', 'Hộp', 14334, '0'),
(93, 17, 'Xúc xích N', 'Gói', 10500, 'Xúc xích nhỏ'),
(94, 17, 'Xúc xích', 'Gói', 17800, ''),
(95, 17, 'Khăn giấy', 'Gói', 1800, ''),
(96, 11, 'Đậu Hà lan', 'Gói', 16000, ''),
(97, 18, 'Sài gòn đỏ', 'Chai', 6400, ''),
(98, 18, 'Sài gòn special', 'Chai', 9200, ''),
(99, 12, 'Bưởi', 'Kg', 10000, ''),
(100, 11, 'Hột điều', 'Gói', 6000, '');

-- --------------------------------------------------------

--
-- Table structure for table `tbl_session`
--

CREATE TABLE IF NOT EXISTS `tbl_session` (
  `id` int(11) NOT NULL AUTO_INCREMENT,
  `idtable` int(11) NOT NULL,
  `iduser` int(11) NOT NULL,
  `idcustomer` int(11) NOT NULL,
  `datetime` datetime NOT NULL,
  `datetimeend` datetime DEFAULT NULL,
  `note` varchar(50) COLLATE utf8_unicode_ci NOT NULL,
  `status` int(11) NOT NULL,
  `discount_value` int(11) NOT NULL,
  `discount_percent` int(11) NOT NULL,
  `surtax` int(11) NOT NULL,
  `payment` int(11) NOT NULL,
  `value` int(11) NOT NULL,
  PRIMARY KEY (`id`),
  KEY `idtable` (`idtable`),
  KEY `iduser` (`iduser`),
  KEY `tbl_session_3` (`idcustomer`)
) ENGINE=InnoDB DEFAULT CHARSET=utf8 COLLATE=utf8_unicode_ci AUTO_INCREMENT=1 ;

--
-- Dumping data for table `tbl_session`
--


-- --------------------------------------------------------

--
-- Table structure for table `tbl_session_detail`
--

CREATE TABLE IF NOT EXISTS `tbl_session_detail` (
  `id` int(11) NOT NULL AUTO_INCREMENT,
  `idsession` int(11) NOT NULL,
  `idcourse` int(11) NOT NULL,
  `count` int(11) NOT NULL,
  `price` bigint(20) NOT NULL,
  PRIMARY KEY (`id`),
  KEY `idsession` (`idsession`),
  KEY `idcourse` (`idcourse`)
) ENGINE=InnoDB DEFAULT CHARSET=utf8 COLLATE=utf8_unicode_ci AUTO_INCREMENT=1 ;

--
-- Dumping data for table `tbl_session_detail`
--


-- --------------------------------------------------------

--
-- Table structure for table `tbl_store`
--

CREATE TABLE IF NOT EXISTS `tbl_store` (
  `id` int(11) NOT NULL AUTO_INCREMENT,
  `name` varchar(50) COLLATE utf8_unicode_ci NOT NULL,
  `note` varchar(125) COLLATE utf8_unicode_ci NOT NULL,
  PRIMARY KEY (`id`)
) ENGINE=InnoDB  DEFAULT CHARSET=utf8 COLLATE=utf8_unicode_ci AUTO_INCREMENT=2 ;

--
-- Dumping data for table `tbl_store`
--

INSERT INTO `tbl_store` (`id`, `name`, `note`) VALUES
(1, 'Kho nhà', 'Ghi chú gì đây ?');

-- --------------------------------------------------------

--
-- Table structure for table `tbl_supplier`
--

CREATE TABLE IF NOT EXISTS `tbl_supplier` (
  `id` int(9) NOT NULL AUTO_INCREMENT,
  `name` varchar(100) COLLATE utf8_unicode_ci NOT NULL,
  `phone` varchar(15) COLLATE utf8_unicode_ci NOT NULL,
  `address` varchar(200) COLLATE utf8_unicode_ci NOT NULL,
  `note` varchar(100) COLLATE utf8_unicode_ci NOT NULL,
  `debt` bigint(20) NOT NULL,
  PRIMARY KEY (`id`)
) ENGINE=InnoDB  DEFAULT CHARSET=utf8 COLLATE=utf8_unicode_ci AUTO_INCREMENT=19 ;

--
-- Dumping data for table `tbl_supplier`
--

INSERT INTO `tbl_supplier` (`id`, `name`, `phone`, `address`, `note`, `debt`) VALUES
(1, 'ĐL NƯỚC ĐÁ TRÍ', '0703456456', 'Trí Phường 4', 'Cung cấp nước đá', 0),
(6, 'COOP MART', 'chưa cập nhật', 'Vĩnh Long', '', 0),
(8, 'NPP ĐOAN TRANG', '0703 822 227', '64/6N Trần Phú P4 TP Vĩnh Long', '', 0),
(9, 'TẠP HÓA 01', '', '', '', 0),
(11, 'CH TUẤN', '0902 612 434', 'P4, TPVL', 'Cung cấp thực phẩm khô đóng gói', 0),
(12, 'VỰA TRÁI CÂY', '', '', '', 0),
(13, 'CTY CP DU LỊCH CỬU LONG', '0703828042', 'Vĩnh Long', 'c/c Bia', 0),
(14, 'CH THANH SƠN', '0703 823 842', 'Vĩnh Long', 'Cung cấp khăn lạnh', 0),
(15, 'Bia SAGOTA', '', '', '', 0),
(16, 'CHỢ VĨNH LONG', '', '', '', 0),
(17, 'TẠP HÓA 02', '', '', '', 0),
(18, 'ĐL BIA 01', '', '', '', 0);

-- --------------------------------------------------------

--
-- Table structure for table `tbl_table`
--

CREATE TABLE IF NOT EXISTS `tbl_table` (
  `id` int(11) NOT NULL AUTO_INCREMENT,
  `iddomain` int(11) NOT NULL,
  `name` varchar(200) COLLATE utf8_unicode_ci NOT NULL,
  `iduser` int(11) DEFAULT NULL,
  `type` varchar(200) COLLATE utf8_unicode_ci DEFAULT NULL,
  PRIMARY KEY (`id`),
  KEY `iddomain` (`iddomain`)
) ENGINE=InnoDB  DEFAULT CHARSET=utf8 COLLATE=utf8_unicode_ci AUTO_INCREMENT=28 ;

--
-- Dumping data for table `tbl_table`
--

INSERT INTO `tbl_table` (`id`, `iddomain`, `name`, `iduser`, `type`) VALUES
(1, 1, 'Phòng 01', 0, '0'),
(2, 1, 'Phòng 02', 0, '0'),
(3, 1, 'Phòng 03', 0, '0'),
(4, 1, 'Phòng 04', 0, '0'),
(14, 2, 'Phòng 07', 0, '0'),
(15, 2, 'Phòng 08', 0, '0'),
(16, 2, 'Phòng 09', 0, '0'),
(17, 2, 'Phòng 10', 0, '0'),
(26, 3, 'Phòng 05', 0, '1'),
(27, 3, 'Phòng 06', 0, '1');

-- --------------------------------------------------------

--
-- Table structure for table `tbl_term`
--

CREATE TABLE IF NOT EXISTS `tbl_term` (
  `id` int(11) NOT NULL AUTO_INCREMENT,
  `name` varchar(200) COLLATE utf8_unicode_ci NOT NULL,
  `type` int(11) NOT NULL,
  PRIMARY KEY (`id`)
) ENGINE=InnoDB  DEFAULT CHARSET=utf8 COLLATE=utf8_unicode_ci AUTO_INCREMENT=12 ;

--
-- Dumping data for table `tbl_term`
--

INSERT INTO `tbl_term` (`id`, `name`, `type`) VALUES
(1, 'Tiền Điện', 0),
(2, 'Tiền Nước', 0),
(3, 'Thuế', 0),
(10, 'Tiền Ăn Nhân Viên', 0),
(11, 'CP Khác', 0);

-- --------------------------------------------------------

--
-- Table structure for table `tbl_term_collect`
--

CREATE TABLE IF NOT EXISTS `tbl_term_collect` (
  `id` int(11) NOT NULL AUTO_INCREMENT,
  `name` varchar(200) COLLATE utf8_unicode_ci NOT NULL,
  PRIMARY KEY (`id`)
) ENGINE=InnoDB  DEFAULT CHARSET=utf8 COLLATE=utf8_unicode_ci AUTO_INCREMENT=4 ;

--
-- Dumping data for table `tbl_term_collect`
--

INSERT INTO `tbl_term_collect` (`id`, `name`) VALUES
(2, 'Phụ Phẩm'),
(3, 'Đặc Biệt');

-- --------------------------------------------------------

--
-- Table structure for table `tbl_tracking`
--

CREATE TABLE IF NOT EXISTS `tbl_tracking` (
  `id` int(11) NOT NULL AUTO_INCREMENT,
  `date_start` date NOT NULL,
  `date_end` date NOT NULL,
  `paid_general` int(11) NOT NULL,
  `paid_pay_roll` int(11) NOT NULL,
  `paid_import` int(11) NOT NULL,
  `collect_general` int(11) NOT NULL,
  `collect_customer` int(11) NOT NULL,
  `collect_selling_debt` int(11) NOT NULL,
  `collect_selling_nodebt` int(11) NOT NULL,
  `estate_rate` int(11) NOT NULL,
  `store_value` int(11) NOT NULL,
  PRIMARY KEY (`id`)
) ENGINE=InnoDB  DEFAULT CHARSET=utf8 COLLATE=utf8_unicode_ci AUTO_INCREMENT=11 ;

--
-- Dumping data for table `tbl_tracking`
--

INSERT INTO `tbl_tracking` (`id`, `date_start`, `date_end`, `paid_general`, `paid_pay_roll`, `paid_import`, `collect_general`, `collect_customer`, `collect_selling_debt`, `collect_selling_nodebt`, `estate_rate`, `store_value`) VALUES
(2, '2013-02-01', '2013-02-28', 0, 0, 0, 0, 0, 0, 0, 0, -364822),
(4, '2013-04-01', '2013-04-30', 0, 0, 0, 0, 0, 0, 0, 0, 17485702),
(5, '2013-05-01', '2013-05-31', 0, 0, 0, 0, 0, 0, 0, 0, 15838034),
(6, '2013-06-01', '2013-06-30', 0, 0, 0, 0, 0, 0, 0, 0, 14446579),
(7, '2013-07-01', '2013-07-31', 0, 0, 0, 0, 0, 0, 0, 0, 11434228),
(8, '2013-08-01', '2013-08-31', 0, 0, 0, 0, 0, 0, 0, 0, 16162013),
(9, '2013-09-01', '2013-09-30', 0, 0, 0, 0, 0, 0, 0, 0, 15667523),
(10, '2013-10-01', '2013-10-31', 0, 0, 0, 0, 0, 0, 0, 0, 19227030);

-- --------------------------------------------------------

--
-- Table structure for table `tbl_tracking_store`
--

CREATE TABLE IF NOT EXISTS `tbl_tracking_store` (
  `id` int(11) NOT NULL AUTO_INCREMENT,
  `id_tracking` int(11) NOT NULL,
  `id_course` int(11) NOT NULL,
  `count_old` float NOT NULL,
  `count_import` float NOT NULL,
  `count_export` float NOT NULL,
  `price` int(11) NOT NULL,
  PRIMARY KEY (`id`)
) ENGINE=InnoDB  DEFAULT CHARSET=utf8 COLLATE=utf8_unicode_ci AUTO_INCREMENT=1687 ;

--
-- Dumping data for table `tbl_tracking_store`
--

INSERT INTO `tbl_tracking_store` (`id`, `id_tracking`, `id_course`, `count_old`, `count_import`, `count_export`, `price`) VALUES
(408, 2, 125, 0, 0, 0, 0),
(409, 2, 128, 0, 0, 0, 6375),
(410, 2, 114, 0, 0, 0, 8625),
(411, 2, 54, 0, 0, 0, 4665),
(412, 2, 142, 0, 0, 0, 7000),
(413, 2, 118, 0, 0, 0, 8113),
(414, 2, 141, 0, 0, 0, 7000),
(415, 2, 122, 0, 0, 0, 2062),
(416, 2, 55, 0, 0, 0, 7736),
(417, 2, 164, 0, 0, 0, 16000),
(418, 2, 139, 0, 0, 0, 3000),
(419, 2, 147, 0, 0, 0, 5000),
(420, 2, 123, 0, 0, 0, 0),
(421, 2, 124, 0, 0, 0, 0),
(422, 2, 107, 0, 0, 0, 13075),
(423, 2, 108, 0, 0, 0, 7536),
(424, 2, 157, 0, 0, 0, 6000),
(425, 2, 161, 0, 0, 0, 1800),
(426, 2, 162, 0, 0, 0, 550),
(427, 2, 119, 0, 0, 0, 12633),
(428, 2, 134, 0, 0, 0, 7667),
(429, 2, 144, 0, 0, 0, 23991),
(430, 2, 126, 0, 0, 0, 3584),
(431, 2, 129, 0, 0, 0, 5417),
(432, 2, 120, 0, 0, 0, 14767),
(433, 2, 56, 0, 0, 0, 5917),
(434, 2, 127, 0, 0, 0, 6271),
(435, 2, 160, 0, 0, 0, 14334),
(436, 2, 163, 0, 0, 0, 1533),
(437, 2, 136, 0, 0, 0, 6200),
(438, 2, 155, 0, 0, 0, 8000),
(439, 2, 111, 0, 0, 0, 6533),
(440, 2, 112, 0, 0, 0, 9086),
(441, 2, 113, 0, 0, 0, 10896),
(442, 2, 143, 0, 0, 0, 6893),
(443, 2, 115, 0, 0, 0, 20250),
(444, 2, 116, 0, 0, 0, 15200),
(445, 2, 15, 0, 0, 0, 15413),
(446, 2, 137, 0, 0, 0, 9917),
(447, 2, 138, 0, 0, 0, 10834),
(448, 2, 140, 0, 0, 0, 11667),
(449, 2, 53, 0, 0, 0, 6583),
(450, 2, 121, 0, 0, 0, 15200),
(451, 2, 158, 0, 0, 0, 11500),
(1423, 4, 128, 0, 0, 0, 0),
(1424, 4, 114, 0, 61, 12, 8625),
(1425, 4, 54, 0, 22, 9, 4632),
(1426, 4, 142, 0, 45, 29, 7000),
(1427, 4, 118, 0, 29, 19, 8113),
(1428, 4, 141, 0, 62, 22, 7000),
(1429, 4, 122, 0, 81, 75, 2062),
(1430, 4, 55, 0, 1, 0, 7736),
(1431, 4, 164, 0, 0, 0, 16000),
(1432, 4, 139, 0, 150, 69, 3000),
(1433, 4, 147, 0, 102, 0, 5000),
(1434, 4, 123, 0, 35, 13, 5000),
(1435, 4, 125, 0, 111, 31, 3500),
(1436, 4, 124, 0, 40, 17, 1667),
(1437, 4, 107, 0, 906, 660, 13074),
(1438, 4, 108, 0, 316, 222, 7536),
(1439, 4, 157, 0, 0, 0, 0),
(1440, 4, 161, 0, 0, 0, 0),
(1441, 4, 162, 0, 0, 0, 550),
(1442, 4, 119, 0, 31, 27, 12633),
(1443, 4, 134, 0, 26, 16, 13400),
(1444, 4, 144, 0, 52, 10, 23991),
(1445, 4, 126, 0, 72, 27, 3584),
(1446, 4, 129, 0, 2, 0, 5417),
(1447, 4, 120, 0, 43, 29, 13910),
(1448, 4, 56, 0, 0, 0, 0),
(1449, 4, 127, 0, 2, 2, 6292),
(1450, 4, 160, 0, 0, 0, 0),
(1451, 4, 163, 0, 0, 0, 1450),
(1452, 4, 136, 0, 0, 0, 0),
(1453, 4, 155, 0, 0, 0, 8000),
(1454, 4, 111, 0, 1208, 1055, 6533),
(1455, 4, 112, 0, 548, 311, 9084),
(1456, 4, 113, 0, 157, 0, 10896),
(1457, 4, 143, 0, 17, 17, 6893),
(1458, 4, 115, 0, 15, 14, 20900),
(1459, 4, 116, 0, 33, 28, 15400),
(1460, 4, 15, 0, 0, 0, 15413),
(1461, 4, 137, 0, 184, 20, 9917),
(1462, 4, 138, 0, 226, 57, 10834),
(1463, 4, 140, 0, 120, 3, 11667),
(1464, 4, 53, 0, 4, 4, 6583),
(1465, 4, 121, 0, 35, 31, 15320),
(1466, 4, 158, 0, 0, 0, 11500),
(1467, 5, 128, 0, 0, 0, 0),
(1468, 5, 114, 49, 0, 14, 8625),
(1469, 5, 54, 13, 0, 4, 4632),
(1470, 5, 142, 16, 50, 23, 7000),
(1471, 5, 118, 10, 10, 13, 8113),
(1472, 5, 141, 40, 0, 16, 7000),
(1473, 5, 122, 6, 60, 54, 2062),
(1474, 5, 55, 1, 24, 1, 7736),
(1475, 5, 164, 0, 0, 0, 16000),
(1476, 5, 139, 81, 48, 71, 3000),
(1477, 5, 147, 102, 0, 15, 5000),
(1478, 5, 123, 22, 0, 10, 5000),
(1479, 5, 125, 80, 0, 19, 3500),
(1480, 5, 124, 23, 0, 8, 1667),
(1481, 5, 107, 246, 432, 503, 13074),
(1482, 5, 108, 94, 168, 195, 7536),
(1483, 5, 157, 0, 0, 0, 0),
(1484, 5, 161, 0, 0, 0, 0),
(1485, 5, 162, 0, 0, 0, 550),
(1486, 5, 119, 4, 20, 21, 12633),
(1487, 5, 134, 10, 0, 0, 13400),
(1488, 5, 144, 42, 0, 16, 23991),
(1489, 5, 126, 45, 24, 32, 3584),
(1490, 5, 129, 2, 0, 1, 5417),
(1491, 5, 120, 14, 20, 26, 13910),
(1492, 5, 56, 0, 0, 0, 0),
(1493, 5, 127, 0, 24, 14, 6292),
(1494, 5, 160, 0, 0, 0, 0),
(1495, 5, 163, 0, 40, 0, 1450),
(1496, 5, 136, 0, 0, 0, 0),
(1497, 5, 155, 0, 0, 0, 8000),
(1498, 5, 111, 153, 860, 867, 6533),
(1499, 5, 112, 237, 440, 523, 9084),
(1500, 5, 113, 157, 0, 0, 10896),
(1501, 5, 143, 0, 24, 13, 6893),
(1502, 5, 115, 1, 20, 9, 20900),
(1503, 5, 116, 5, 30, 20, 15400),
(1504, 5, 15, 0, 60, 2, 15413),
(1505, 5, 137, 164, 0, 48, 9917),
(1506, 5, 138, 169, 0, 0, 10834),
(1507, 5, 140, 117, 0, 0, 11667),
(1508, 5, 53, 0, 0, 0, 6583),
(1509, 5, 121, 4, 30, 32, 15320),
(1510, 5, 158, 0, 0, 0, 11500),
(1511, 6, 128, 0, 0, 0, 0),
(1512, 6, 114, 35, 0, 5, 8625),
(1513, 6, 54, 9, 0, 5, 4632),
(1514, 6, 142, 43, 0, 10, 7000),
(1515, 6, 118, 7, 20, 11, 8113),
(1516, 6, 141, 24, 0, 13, 7000),
(1517, 6, 122, 12, 60, 41, 2062),
(1518, 6, 55, 24, 0, 0, 7736),
(1519, 6, 164, 0, 0, 0, 16000),
(1520, 6, 139, 58, 70, 43, 3000),
(1521, 6, 147, 87, 0, 4, 5000),
(1522, 6, 123, 12, 0, 2, 5000),
(1523, 6, 125, 61, 13, 21, 3500),
(1524, 6, 124, 15, 0, 7, 1667),
(1525, 6, 107, 175, 96, 240, 13074),
(1526, 6, 108, 67, 96, 109, 7536),
(1527, 6, 157, 0, 0, 0, 0),
(1528, 6, 161, 0, 0, 0, 0),
(1529, 6, 162, 0, 0, 0, 550),
(1530, 6, 119, 3, 30, 11, 12633),
(1531, 6, 134, 10, 7, 8, 13400),
(1532, 6, 144, 26, 0, 8, 23991),
(1533, 6, 126, 37, 0, 16, 3584),
(1534, 6, 129, 1, 0, 0, 5417),
(1535, 6, 120, 8, 20, 10, 13910),
(1536, 6, 56, 0, 0, 0, 0),
(1537, 6, 127, 10, 0, 10, 6292),
(1538, 6, 160, 0, 0, 0, 0),
(1539, 6, 163, 40, 0, 0, 1450),
(1540, 6, 136, 0, 0, 0, 0),
(1541, 6, 155, 0, 240, 24, 8000),
(1542, 6, 111, 146, 580, 504, 6533),
(1543, 6, 112, 154, 284, 381, 9084),
(1544, 6, 113, 157, 0, 12, 10896),
(1545, 6, 143, 11, 0, 10, 6893),
(1546, 6, 115, 12, 7, 8, 20900),
(1547, 6, 116, 15, 8, 13, 15400),
(1548, 6, 15, 58, 6, 13, 15413),
(1549, 6, 137, 116, 0, 24, 9917),
(1550, 6, 138, 169, 0, 7, 10834),
(1551, 6, 140, 117, 0, 0, 11667),
(1552, 6, 53, 0, 0, 0, 6583),
(1553, 6, 121, 2, 14, 13, 15320),
(1554, 6, 158, 0, 0, 0, 11500),
(1555, 7, 128, 0, 0, 0, 0),
(1556, 7, 114, 30, 0, 0, 8625),
(1557, 7, 54, 4, 31, 10, 4632),
(1558, 7, 142, 33, 4, 20, 7000),
(1559, 7, 118, 16, 1, 15, 8113),
(1560, 7, 141, 11, 21, 13, 7000),
(1561, 7, 122, 31, 20, 43, 2062),
(1562, 7, 55, 24, 0, 5, 7736),
(1563, 7, 164, 0, 0, 0, 16000),
(1564, 7, 139, 85, 0, 51, 3000),
(1565, 7, 147, 83, 0, 12, 5000),
(1566, 7, 123, 10, 6, 16, 5000),
(1567, 7, 125, 53, 0, 21, 3500),
(1568, 7, 124, 8, 0, 0, 1667),
(1569, 7, 107, 31, 121, 143, 13074),
(1570, 7, 108, 54, 96, 131, 7536),
(1571, 7, 157, 0, 6, 6, 6000),
(1572, 7, 161, 0, 0, 0, 0),
(1573, 7, 162, 0, 241, 0, 550),
(1574, 7, 119, 22, 0, 20, 12633),
(1575, 7, 134, 9, 0, 7, 13400),
(1576, 7, 144, 18, 10, 5, 23991),
(1577, 7, 126, 21, 1, 9, 3584),
(1578, 7, 129, 1, 0, 0, 5417),
(1579, 7, 120, 18, 1, 19, 13910),
(1580, 7, 56, 0, 0, 0, 0),
(1581, 7, 127, 0, 26, 11, 6292),
(1582, 7, 160, 0, 0, 0, 0),
(1583, 7, 163, 40, 0, 0, 1450),
(1584, 7, 136, 0, 0, 0, 0),
(1585, 7, 155, 216, 0, 14, 8000),
(1586, 7, 111, 222, 403, 504, 6533),
(1587, 7, 112, 57, 800, 776, 9084),
(1588, 7, 113, 145, 18, 87, 10896),
(1589, 7, 143, 1, 24, 9, 6893),
(1590, 7, 115, 11, 11, 10, 20900),
(1591, 7, 116, 10, 21, 30, 15400),
(1592, 7, 15, 51, 10, 24, 15413),
(1593, 7, 137, 92, 0, 0, 9917),
(1594, 7, 138, 162, 2, 16, 10834),
(1595, 7, 140, 117, 0, 0, 11667),
(1596, 7, 53, 0, 2, 2, 6583),
(1597, 7, 121, 3, 21, 21, 15320),
(1598, 7, 158, 0, 0, 0, 11500),
(1599, 8, 128, 0, 0, 0, 0),
(1600, 8, 114, 30, 0, 0, 8625),
(1601, 8, 54, 25, 0, 10, 4632),
(1602, 8, 142, 17, 50, 15, 7000),
(1603, 8, 118, 2, 9, 7, 8113),
(1604, 8, 141, 19, 20, 16, 7000),
(1605, 8, 122, 8, 40, 40, 2062),
(1606, 8, 55, 19, 0, 10, 7736),
(1607, 8, 164, 0, 0, 0, 16000),
(1608, 8, 139, 34, 18, 52, 3000),
(1609, 8, 147, 71, 0, 11, 5000),
(1610, 8, 123, 0, 19, 19, 5000),
(1611, 8, 125, 32, 0, 17, 3500),
(1612, 8, 124, 8, 0, 0, 1667),
(1613, 8, 107, 9, 648, 399, 13074),
(1614, 8, 108, 19, 96, 68, 7536),
(1615, 8, 157, 0, 31, 31, 6000),
(1616, 8, 161, 0, 0, 0, 0),
(1617, 8, 162, 241, 0, 0, 550),
(1618, 8, 119, 2, 20, 19, 12633),
(1619, 8, 134, 2, 25, 2, 13400),
(1620, 8, 144, 23, 17, 16, 23991),
(1621, 8, 126, 13, 24, 21, 3584),
(1622, 8, 129, 1, 0, 0, 5417),
(1623, 8, 120, 0, 20, 17, 13910),
(1624, 8, 56, 0, 0, 0, 0),
(1625, 8, 127, 15, 24, 16, 6292),
(1626, 8, 160, 0, 0, 0, 0),
(1627, 8, 163, 40, 0, 0, 1450),
(1628, 8, 136, 0, 0, 0, 0),
(1629, 8, 155, 202, 0, 19, 8000),
(1630, 8, 111, 121, 700, 646, 6533),
(1631, 8, 112, 81, 900, 812, 9084),
(1632, 8, 113, 76, 0, 0, 10896),
(1633, 8, 143, 16, 24, 19, 6893),
(1634, 8, 115, 12, 10, 9, 20900),
(1635, 8, 116, 1, 26, 27, 15479),
(1636, 8, 15, 37, 30, 29, 15413),
(1637, 8, 137, 92, 72, 85, 9917),
(1638, 8, 138, 148, 0, 28, 10834),
(1639, 8, 140, 117, 0, 0, 11667),
(1640, 8, 53, 0, 0, 0, 6583),
(1641, 8, 121, 3, 24, 15, 15320),
(1642, 8, 158, 0, 10, 1, 11500),
(1643, 9, 128, 0, 0, 0, 0),
(1644, 9, 114, 30, 0, 0, 8625),
(1645, 9, 54, 15, 0, 14, 4632),
(1646, 9, 142, 52, 1, 1, 7000),
(1647, 9, 118, 4, 20, 16, 8113),
(1648, 9, 141, 23, 0, 13, 7000),
(1649, 9, 122, 8, 40, 35, 2062),
(1650, 9, 55, 9, 48, 9, 7736),
(1651, 9, 164, 0, 0, 0, 16000),
(1652, 9, 139, 0, 78, 28, 3000),
(1653, 9, 147, 60, 0, 5, 5000),
(1654, 9, 123, 0, 35, 3, 5000),
(1655, 9, 125, 15, 0, 15, 3500),
(1656, 9, 124, 8, 0, 1, 1667),
(1657, 9, 107, 258, 240, 329, 13074),
(1658, 9, 108, 47, 126, 91, 7536),
(1659, 9, 157, 0, 65, 13, 6000),
(1660, 9, 161, 0, 29, 0, 1800),
(1661, 9, 162, 241, 1442, 0, 600),
(1662, 9, 119, 3, 17, 12, 12633),
(1663, 9, 144, 24, 7, 16, 24743),
(1664, 9, 134, 25, 0, 25, 13400),
(1665, 9, 126, 16, 48, 15, 3584),
(1666, 9, 129, 1, 0, 1, 5417),
(1667, 9, 120, 3, 30, 13, 13910),
(1668, 9, 56, 0, 0, 0, 0),
(1669, 9, 127, 23, 0, 9, 6292),
(1670, 9, 160, 0, 6, 0, 14334),
(1671, 9, 163, 40, 0, 40, 1450),
(1672, 9, 136, 0, 0, 0, 0),
(1673, 9, 155, 183, 0, 139, 8000),
(1674, 9, 111, 175, 500, 535, 6533),
(1675, 9, 112, 169, 500, 519, 9084),
(1676, 9, 113, 76, 0, 14, 10896),
(1677, 9, 143, 21, 24, 23, 6893),
(1678, 9, 115, 13, 10, 7, 21136),
(1679, 9, 116, 0, 60, 14, 15547),
(1680, 9, 15, 38, 24, 27, 15422),
(1681, 9, 137, 79, 0, 18, 9917),
(1682, 9, 138, 120, 0, 17, 10834),
(1683, 9, 140, 117, 0, 0, 11667),
(1684, 9, 53, 0, 2, 2, 6583),
(1685, 9, 121, 12, 32, 14, 15425),
(1686, 9, 158, 9, 0, 8, 11500);

-- --------------------------------------------------------

--
-- Table structure for table `tbl_unit`
--

CREATE TABLE IF NOT EXISTS `tbl_unit` (
  `id` int(25) NOT NULL AUTO_INCREMENT,
  `name` varchar(200) COLLATE utf8_unicode_ci DEFAULT NULL,
  PRIMARY KEY (`id`)
) ENGINE=InnoDB  DEFAULT CHARSET=utf8 COLLATE=utf8_unicode_ci AUTO_INCREMENT=20 ;

--
-- Dumping data for table `tbl_unit`
--

INSERT INTO `tbl_unit` (`id`, `name`) VALUES
(1, 'Ly'),
(2, 'Điếu'),
(3, 'Chai'),
(4, 'Lon'),
(5, 'Dĩa'),
(6, 'Thùng'),
(7, 'Két'),
(9, 'Bịch'),
(10, 'Gói'),
(11, 'Cái'),
(12, 'Cây'),
(13, 'Giờ'),
(14, 'Bao 20Kg'),
(15, 'Con'),
(16, 'Kg'),
(17, 'Hộp'),
(18, 'Bao 25Kg'),
(19, 'Lốc');

-- --------------------------------------------------------

--
-- Table structure for table `tbl_user`
--

CREATE TABLE IF NOT EXISTS `tbl_user` (
  `id` int(11) NOT NULL AUTO_INCREMENT,
  `name` varchar(25) COLLATE utf8_unicode_ci NOT NULL,
  `email` varchar(200) COLLATE utf8_unicode_ci DEFAULT NULL,
  `pass` varchar(256) COLLATE utf8_unicode_ci DEFAULT NULL,
  `gender` int(11) NOT NULL,
  `note` varchar(200) COLLATE utf8_unicode_ci DEFAULT NULL,
  `datecreate` timestamp NOT NULL DEFAULT CURRENT_TIMESTAMP,
  `dateupdate` timestamp NOT NULL DEFAULT '0000-00-00 00:00:00',
  `dateactivity` timestamp NOT NULL DEFAULT '0000-00-00 00:00:00',
  `type` tinyint(4) NOT NULL,
  `code` varchar(13) COLLATE utf8_unicode_ci NOT NULL,
  PRIMARY KEY (`id`)
) ENGINE=InnoDB  DEFAULT CHARSET=utf8 COLLATE=utf8_unicode_ci AUTO_INCREMENT=10 ;

--
-- Dumping data for table `tbl_user`
--

INSERT INTO `tbl_user` (`id`, `name`, `email`, `pass`, `gender`, `note`, `datecreate`, `dateupdate`, `dateactivity`, `type`, `code`) VALUES
(1, 'B.T.Tuấn', 'tuanbuithanh@gmail.com', 'admin068368', 0, ' ', '0000-00-00 00:00:00', '0000-00-00 00:00:00', '0000-00-00 00:00:00', 4, ''),
(2, 'Khoa', 'lekhoa.bdc@gmail.com', 'lenguyen0945030709...', 0, '', '0000-00-00 00:00:00', '0000-00-00 00:00:00', '0000-00-00 00:00:00', 4, '');

--
-- Constraints for dumped tables
--

--
-- Constraints for table `tbl_collect_customer`
--
ALTER TABLE `tbl_collect_customer`
  ADD CONSTRAINT `tbl_customer_collect_1` FOREIGN KEY (`idcustomer`) REFERENCES `tbl_customer` (`id`) ON DELETE CASCADE ON UPDATE CASCADE;

--
-- Constraints for table `tbl_collect_general`
--
ALTER TABLE `tbl_collect_general`
  ADD CONSTRAINT `tbl_collect_general_1` FOREIGN KEY (`id_term`) REFERENCES `tbl_term_collect` (`id`) ON DELETE CASCADE ON UPDATE CASCADE;

--
-- Constraints for table `tbl_course`
--
ALTER TABLE `tbl_course`
  ADD CONSTRAINT `tbl_course_1` FOREIGN KEY (`idcategory`) REFERENCES `tbl_category` (`id`) ON DELETE CASCADE ON UPDATE CASCADE;

--
-- Constraints for table `tbl_order_import`
--
ALTER TABLE `tbl_order_import`
  ADD CONSTRAINT `tbl_order_import_1` FOREIGN KEY (`idsupplier`) REFERENCES `tbl_supplier` (`id`) ON DELETE CASCADE ON UPDATE CASCADE;

--
-- Constraints for table `tbl_order_import_detail`
--
ALTER TABLE `tbl_order_import_detail`
  ADD CONSTRAINT `tbl_order_import_detail_1` FOREIGN KEY (`idorder`) REFERENCES `tbl_order_import` (`id`) ON DELETE CASCADE ON UPDATE CASCADE,
  ADD CONSTRAINT `tbl_order_import_detail_2` FOREIGN KEY (`idresource`) REFERENCES `tbl_resource` (`id`) ON DELETE CASCADE ON UPDATE CASCADE;

--
-- Constraints for table `tbl_paid_customer`
--
ALTER TABLE `tbl_paid_customer`
  ADD CONSTRAINT `tbl_customer_paid_1` FOREIGN KEY (`idcustomer`) REFERENCES `tbl_customer` (`id`) ON DELETE CASCADE ON UPDATE CASCADE;

--
-- Constraints for table `tbl_paid_general`
--
ALTER TABLE `tbl_paid_general`
  ADD CONSTRAINT `tbl_paid_general_1` FOREIGN KEY (`id_term`) REFERENCES `tbl_term` (`id`) ON DELETE CASCADE ON UPDATE CASCADE;

--
-- Constraints for table `tbl_paid_pay_roll`
--
ALTER TABLE `tbl_paid_pay_roll`
  ADD CONSTRAINT `tbl_paid_pay_roll_1` FOREIGN KEY (`idemployee`) REFERENCES `tbl_employee` (`id`) ON DELETE CASCADE ON UPDATE CASCADE;

--
-- Constraints for table `tbl_paid_supplier`
--
ALTER TABLE `tbl_paid_supplier`
  ADD CONSTRAINT `tbl_supplier_paid_1` FOREIGN KEY (`idsupplier`) REFERENCES `tbl_supplier` (`id`) ON DELETE CASCADE ON UPDATE CASCADE;

--
-- Constraints for table `tbl_r2c`
--
ALTER TABLE `tbl_r2c`
  ADD CONSTRAINT `tbl_r2c_1` FOREIGN KEY (`id_course`) REFERENCES `tbl_course` (`id`) ON DELETE CASCADE ON UPDATE CASCADE,
  ADD CONSTRAINT `tbl_r2c_2` FOREIGN KEY (`id_resource`) REFERENCES `tbl_resource` (`id`) ON DELETE CASCADE ON UPDATE CASCADE;

--
-- Constraints for table `tbl_resource`
--
ALTER TABLE `tbl_resource`
  ADD CONSTRAINT `tbl_resource_1` FOREIGN KEY (`idsupplier`) REFERENCES `tbl_supplier` (`id`) ON DELETE CASCADE ON UPDATE CASCADE;

--
-- Constraints for table `tbl_session`
--
ALTER TABLE `tbl_session`
  ADD CONSTRAINT `tbl_session_1` FOREIGN KEY (`idtable`) REFERENCES `tbl_table` (`id`) ON DELETE CASCADE ON UPDATE CASCADE,
  ADD CONSTRAINT `tbl_session_2` FOREIGN KEY (`iduser`) REFERENCES `tbl_user` (`id`) ON DELETE CASCADE ON UPDATE CASCADE,
  ADD CONSTRAINT `tbl_session_3` FOREIGN KEY (`idcustomer`) REFERENCES `tbl_customer` (`id`) ON DELETE CASCADE ON UPDATE CASCADE;

--
-- Constraints for table `tbl_session_detail`
--
ALTER TABLE `tbl_session_detail`
  ADD CONSTRAINT `tbl_session_detail_1` FOREIGN KEY (`idsession`) REFERENCES `tbl_session` (`id`) ON DELETE CASCADE ON UPDATE CASCADE,
  ADD CONSTRAINT `tbl_session_detail_2` FOREIGN KEY (`idcourse`) REFERENCES `tbl_course` (`id`) ON DELETE CASCADE ON UPDATE CASCADE;

--
-- Constraints for table `tbl_table`
--
ALTER TABLE `tbl_table`
  ADD CONSTRAINT `tbl_table_1` FOREIGN KEY (`iddomain`) REFERENCES `tbl_domain` (`id`) ON DELETE CASCADE ON UPDATE CASCADE;
