-- phpMyAdmin SQL Dump
-- version 3.3.9
-- http://www.phpmyadmin.net
--
-- Host: localhost
-- Generation Time: Oct 18, 2013 at 11:38 AM
-- Server version: 5.5.8
-- PHP Version: 5.3.5

SET SQL_MODE="NO_AUTO_VALUE_ON_ZERO";


/*!40101 SET @OLD_CHARACTER_SET_CLIENT=@@CHARACTER_SET_CLIENT */;
/*!40101 SET @OLD_CHARACTER_SET_RESULTS=@@CHARACTER_SET_RESULTS */;
/*!40101 SET @OLD_COLLATION_CONNECTION=@@COLLATION_CONNECTION */;
/*!40101 SET NAMES utf8 */;

--
-- Database: `spngroup_cafe_www`
--

-- --------------------------------------------------------

--
-- Table structure for table `tbl_album_image`
--

CREATE TABLE IF NOT EXISTS `tbl_album_image` (
  `id` int(11) NOT NULL AUTO_INCREMENT,
  `id_album` int(11) NOT NULL,
  `name` varchar(125) COLLATE utf8_unicode_ci NOT NULL,
  `time` timestamp NOT NULL DEFAULT CURRENT_TIMESTAMP ON UPDATE CURRENT_TIMESTAMP,
  `url` varchar(256) COLLATE utf8_unicode_ci NOT NULL,
  `note` varchar(125) COLLATE utf8_unicode_ci NOT NULL,
  `key` varchar(250) COLLATE utf8_unicode_ci NOT NULL,
  PRIMARY KEY (`id`),
  KEY `id_album` (`id_album`)
) ENGINE=InnoDB  DEFAULT CHARSET=utf8 COLLATE=utf8_unicode_ci AUTO_INCREMENT=43 ;

--
-- Dumping data for table `tbl_album_image`
--

INSERT INTO `tbl_album_image` (`id`, `id_album`, `name`, `time`, `url`, `note`, `key`) VALUES
(37, 10, 'Chrysanthemum.jpg', '2013-10-17 19:22:35', 'https://lh4.googleusercontent.com/-8Hs_wTz47ww/Ul_Wq27JbmI/AAAAAAAAAQk/BuxzH1md4sw/s1024/Chrysanthemum.jpg', 'Picasa', '5935698865684049506'),
(39, 10, 'Hydrangeas.jpg', '2013-10-17 19:22:41', 'https://lh5.googleusercontent.com/-FI9QqKvIFEA/Ul_W78MuIsI/AAAAAAAAAQ8/e7Dp6Bnh_v8/s1024/Hydrangeas.jpg', 'Picasa', '5935699159157711554'),
(42, 10, 'Tulips.jpg', '2013-10-17 19:46:10', 'https://lh6.googleusercontent.com/-9_qIB9AXfbo/Ul_cICrWw0I/AAAAAAAAARg/kKxbVajG2s8/s1024/Tulips.jpg', 'Picasa', '5935704864613385026');

-- --------------------------------------------------------

--
-- Table structure for table `tbl_config`
--

CREATE TABLE IF NOT EXISTS `tbl_config` (
  `id` int(11) NOT NULL AUTO_INCREMENT,
  `param` varchar(125) COLLATE utf8_unicode_ci NOT NULL,
  `value` varchar(256) COLLATE utf8_unicode_ci NOT NULL,
  PRIMARY KEY (`id`)
) ENGINE=InnoDB  DEFAULT CHARSET=utf8 COLLATE=utf8_unicode_ci AUTO_INCREMENT=11 ;

--
-- Dumping data for table `tbl_config`
--

INSERT INTO `tbl_config` (`id`, `param`, `value`) VALUES
(6, 'ROW_PER_PAGE', '12'),
(7, 'GUEST_VISIT', '1112'),
(8, 'THEME', 'blue'),
(9, 'PICASA_USER', 'picasavinhlong@gmail.com'),
(10, 'PICASA_PASSWORD', 'admin123456789');

-- --------------------------------------------------------

--
-- Table structure for table `tbl_district`
--

CREATE TABLE IF NOT EXISTS `tbl_district` (
  `id` int(11) NOT NULL AUTO_INCREMENT,
  `id_province` int(11) NOT NULL,
  `name` varchar(50) CHARACTER SET utf8 COLLATE utf8_unicode_ci NOT NULL,
  `X` double NOT NULL,
  `Y` double NOT NULL,
  PRIMARY KEY (`id`)
) ENGINE=InnoDB  DEFAULT CHARSET=latin1 AUTO_INCREMENT=702 ;

--
-- Dumping data for table `tbl_district`
--

INSERT INTO `tbl_district` (`id`, `id_province`, `name`, `X`, `Y`) VALUES
(4, 1, 'Ninh Kiều', 10.027851, 105.764394),
(5, 1, 'Cái Răng', 9.998775, 105.793533),
(6, 1, 'Bình Thủy', 10.068924, 105.718346),
(7, 1, 'Phong Điền', 10.006382, 105.652914),
(8, 1, 'Thốt Nốt', 10.239587, 105.53381),
(9, 1, 'Thới Lai', 10.039345, 105.529947),
(10, 1, 'Ô Môn', 10.114556, 105.629768),
(11, 1, 'Vĩnh Thạnh', 10.184849, 105.336571),
(12, 1, 'Cờ Đỏ', 10.113204, 105.4533),
(13, 65, 'Quận 1', 10.775681, 106.698875),
(14, 65, 'Quận 2', 10.796717, 106.758757),
(15, 65, 'Quận 3', 10.781456, 106.685185),
(16, 65, 'Quận 4', 10.759028, 106.702824),
(17, 65, 'Quận 5', 10.755486, 106.667461),
(18, 65, 'Quận 6', 10.743681, 106.634974),
(19, 65, 'Quận 7', 10.738368, 106.729259),
(20, 65, 'Quận 8', 10.730947, 106.637764),
(21, 65, 'Quận 9', 10.803883, 106.841183),
(22, 65, 'Quận 10', 10.771802, 106.667504),
(23, 65, 'Quận 11', 10.761937, 106.649823),
(24, 65, 'Quận 12', 10.872925, 106.658707),
(25, 65, 'Quận Bình Tân', 10.761979, 106.59399),
(26, 65, 'Quận Bình Thạnh', 10.809279, 106.705227),
(27, 65, 'Quận Gò Vấp', 10.839881, 106.67038),
(28, 65, 'Quận Phú Nhuận', 10.798403, 106.679177),
(29, 65, 'Quận Tân Bình', 10.808605, 106.64669),
(30, 65, 'Quận Tân Phú', 10.798741, 106.623173),
(31, 65, 'Quận Thủ Đức', 10.849491, 106.753807),
(32, 65, 'Huyện Bình Chánh', 10.743596, 106.557083),
(33, 65, 'Huyện Cần Giờ', 10.508404, 106.863613),
(34, 65, 'Huyện Củ Chi', 10.995878, 106.511207),
(35, 65, 'Huyện Hóc Môn', 10.893069, 106.59369),
(36, 65, 'Huyện Nhà Bè', 10.668748, 106.711621),
(37, 64, 'Ba Đình', 21.036121, 105.826063),
(38, 64, 'Cầu Giấy', 21.043011, 105.787954),
(39, 64, 'Đống Đa', 21.013929, 105.826836),
(40, 64, 'Hai Bà Trưng', 21.004715, 105.85516),
(41, 64, 'Hoàn Kiếm', 21.02815, 105.855503),
(42, 64, 'Hoàn Mai', 20.975225, 105.863914),
(43, 64, 'Long Biên', 21.019457, 105.8849),
(44, 64, 'Tây Hồ', 21.07521, 105.823231),
(45, 64, 'Thanh Xuân', 20.99582, 105.811214),
(46, 64, 'Đông Anh', 21.155998, 105.849409),
(47, 64, 'Gia Lâm', 21.037403, 105.959358),
(48, 64, 'Sóc Sơn', 21.254662, 105.84928),
(49, 64, 'Thanh Trì', 20.9313, 105.841255),
(50, 64, 'Từ Liêm', 21.055987, 105.747356),
(51, 64, 'Hà Đông', 20.957913, 105.756111),
(52, 64, 'Sơn Tây', 21.114609, 105.495872),
(53, 64, 'Ba Vì', 21.121334, 105.383606),
(54, 64, 'Chương  Mỹ', 20.867474, 105.663414),
(55, 64, 'Đan Phượng', 21.108523, 105.675945),
(56, 64, 'Hoài Đức', 21.036121, 105.699291),
(57, 64, 'Mỹ Đức', 20.678723, 105.711823),
(58, 64, 'Phú Thọ', 0, 0),
(59, 64, 'Quốc Oai', 20.980675, 105.606766),
(60, 64, 'Thạch Thất', 21.004234, 105.512695),
(61, 64, 'Thanh Oai', 20.867955, 105.770016),
(62, 64, 'Thường Tín', 20.874411, 105.86503),
(63, 64, 'Ứng Hòa', 20.717263, 105.80555),
(64, 64, 'Mê Linh', 21.186012, 105.711308),
(65, 64, 'Phú Xuyên', 20.735245, 105.912066),
(66, 2, 'TP Long Xuyên', 10.383396, 105.440061),
(67, 2, 'Châu Đốc', 10.686586, 105.081997),
(68, 2, 'An Phú', 10.789888, 105.09367),
(69, 2, 'Châu Phú', 10.571185, 105.173836),
(70, 2, 'Phú Tân', 10.674104, 105.288849),
(71, 2, 'Tân Châu', 10.795874, 105.240612),
(72, 2, 'Thoại Sơn', 10.279958, 105.2425),
(73, 2, 'Tịnh Biên', 10.613369, 104.961491),
(74, 2, 'Tri Tôn', 10.419232, 104.9999),
(75, 2, 'Châu Thành', 10.413196, 105.2425),
(76, 2, 'Chợ Mới', 10.545323, 105.401545),
(77, 4, 'Bắc Cạn', 22.150842, 105.827866),
(78, 4, 'Ba Bể', 22.423406, 105.624962),
(79, 4, 'Bạch Thông', 22.2497, 105.851212),
(80, 4, 'Chợ Đồn', 22.210928, 105.547028),
(81, 4, 'Chợ Mới', 21.888899, 105.777054),
(82, 4, 'Na Rì', 22.149252, 106.110764),
(83, 4, 'Ngân Sơn', 22.445937, 106.014633),
(84, 4, 'Pác Nặm', 0, 0),
(85, 5, 'TP Bắc Giang', 21.283696, 106.196766),
(86, 5, 'Yên Thế', 21.476593, 106.131449),
(87, 5, 'Tân  Yên', 21.384991, 106.088104),
(88, 5, 'Lục Ngạn', 21.447956, 106.675873),
(89, 5, 'Hiệp Hòa', 21.353979, 105.945282),
(90, 5, 'Lạng Giang', 21.292413, 106.18638),
(91, 5, 'Sơn Động', 21.370605, 106.884613),
(92, 5, 'Lục Nam', 21.313045, 106.416321),
(93, 5, 'Việt Yên', 21.293533, 106.085701),
(94, 5, 'Yên Dũng', 21.292173, 106.187153),
(95, 6, 'TP Bắc Ninh', 21.17997, 106.070423),
(96, 6, 'Gia Bình', 21.054946, 106.178699),
(97, 6, 'Lương Tài', 21.031955, 106.24054),
(98, 6, 'Quế Võ', 21.17997, 106.070423),
(99, 6, 'Thuận Thành', 21.048298, 106.075573),
(100, 6, 'Tiên Du', 21.122455, 106.028194),
(101, 6, 'Từ Sơn', 21.116971, 105.956268),
(102, 6, 'Yên Phong', 21.195976, 105.952063),
(103, 7, 'TP Bạc Liêu', 9.288455, 105.722251),
(104, 7, 'Phước Long', 9.442119, 105.463428),
(105, 7, 'Hồng Dân', 9.555809, 105.452185),
(106, 7, 'Vĩnh Lợi', 9.26461, 105.751991),
(107, 7, 'Giá Rai', 9.240805, 105.458708),
(108, 7, 'Đông Hải', 9.171246, 105.4533),
(109, 7, 'Hòa Bình', 9.277486, 105.629425),
(110, 8, 'Bến Tre', 10.242458, 106.376238),
(111, 8, 'Chợ Lách', 10.258253, 106.119776),
(112, 8, 'Mõ Cày Nam', 10.242458, 106.376238),
(113, 8, 'Giồng Trôm', 10.166433, 106.505241),
(114, 8, 'Bình Đại', 10.190509, 106.692438),
(115, 8, 'Ba Tri', 10.042219, 106.593068),
(116, 8, 'Thạnh Phú', 9.950421, 106.50507),
(117, 8, 'Châu Thành', 10.242458, 106.376238),
(118, 8, 'Mõ Cày Bắc', 10.242458, 106.376238),
(119, 10, 'TP Qui Nhơn', 13.785153, 109.219809),
(120, 10, 'An Lão', 14.563813, 108.908072),
(121, 10, 'An Nhơn', 13.87208, 109.070549),
(122, 10, 'Hoài Ân', 14.31695, 108.855972),
(123, 10, 'Hoài Nhơn', 14.474242, 109.046173),
(124, 10, 'Phù Cát', 14.001909, 109.060292),
(125, 10, 'Phù Mỹ', 14.178354, 109.047546),
(126, 10, 'Tuy Phước', 13.828454, 109.165349),
(127, 10, 'Tây Sơn', 13.964055, 108.857346),
(128, 10, 'Vân Canh', 13.617209, 108.994589),
(129, 10, 'Vĩnh Thạnh', 14.1156, 108.78233),
(130, 11, 'Thủ Dầu Một', 10.997142, 106.664543),
(131, 11, 'Bến Cát', 11.130571, 106.615276),
(132, 11, 'Dầu Tiếng', 11.281616, 106.362934),
(133, 11, 'Tân Uyên', 11.118444, 106.795006),
(134, 11, 'Phú Giáo', 11.290706, 106.793718),
(135, 11, 'Thuận An', 10.933944, 106.71175),
(136, 11, 'Dĩ An', 10.901456, 106.752992),
(137, 11, 'An Bình', 10.877097, 106.755996),
(138, 11, 'Mỹ Phước', 11.139835, 106.6115),
(139, 12, 'Đồng Xoài', 11.562108, 106.890793),
(140, 12, 'Bình Long', 11.652236, 106.606865),
(141, 12, 'Bù Đăng', 11.781997, 107.146912),
(142, 12, 'Bù Đốp', 11.997346, 106.793633),
(143, 12, 'Chơn Thành', 11.477669, 106.651497),
(144, 12, 'Đồng Phú', 11.527124, 106.98761),
(145, 12, 'Lộc Ninh', 11.825686, 106.579056),
(146, 12, 'Bù Gia Mập', 12.071888, 107.166138),
(147, 12, 'Hớn Quản', 11.576907, 106.604462),
(148, 12, 'Phước Long', 11.838119, 106.99482),
(149, 13, 'TP Phan Thiết', 10.936473, 108.108902),
(150, 13, 'La Gi', 10.660945, 107.771759),
(151, 13, 'Tuy Phong', 11.329926, 108.657532),
(152, 13, 'Bắc Bình', 11.270673, 108.378754),
(153, 13, 'Hàm Thuận Bắc', 11.130571, 108.130188),
(154, 13, 'Hàm Thuận Nam', 10.949282, 108.104782),
(155, 13, 'Tánh Linh', 11.115075, 107.677689),
(156, 13, 'Hàm Tân', 10.674272, 107.756739),
(157, 13, 'Đức Linh', 11.212081, 107.552719),
(158, 13, 'Đảo Phú Quý', 10.536758, 108.944893),
(159, 14, 'TP Cà Mau', 9.192259, 105.150146),
(160, 14, 'Thới Bình', 9.348803, 105.172119),
(161, 14, 'U Minh', 9.40571, 104.967842),
(162, 14, 'Trần Văn Thời', 9.092689, 104.9681),
(163, 14, 'Cái Nước', 8.936118, 105.009041),
(164, 14, 'Đầm Dơi', 8.994787, 105.194092),
(165, 14, 'Ngọc Hiển', 8.667663, 105.002947),
(166, 14, 'Năm Căn', 8.769852, 104.991446),
(167, 14, 'Phú Tân', 0, 0),
(168, 15, 'Cao Bằng', 22.666294, 106.260624),
(169, 15, 'Bảo Lạc', 22.947803, 105.680838),
(170, 15, 'Bảo Lâm', 22.831725, 105.49171),
(171, 15, 'Hạ Lang', 22.704939, 106.688232),
(172, 15, 'Hà Quảng', 22.903376, 106.134109),
(173, 15, 'Hòa An', 22.666452, 106.259766),
(174, 15, 'Nguyên Bình', 0, 0),
(175, 15, 'Phục Hòa', 22.651007, 105.967169),
(176, 15, 'Quảng Uyên', 22.688231, 106.443529),
(177, 15, 'Thạch An', 22.469416, 106.32225),
(178, 15, 'Thông Nông', 22.785282, 105.983219),
(179, 15, 'Trà Lĩnh', 22.792008, 106.322594),
(180, 15, 'Trùng Khánh', 22.845212, 106.517086),
(181, 16, 'Hải Châu', 16.047463, 108.219881),
(182, 16, 'Thanh Khê', 16.064537, 108.187265),
(183, 16, 'Sơn Trà', 16.107504, 108.252068),
(184, 16, 'Ngũ Hành Sơn', 15.979813, 108.28743),
(185, 16, 'Liên Chiểu', 16.156645, 108.104095),
(186, 16, 'Hòa Vang', 16.059671, 108.021698),
(187, 16, 'Cẩm Lệ', 16.016776, 108.195934),
(188, 16, 'Đảo Hoàng Sa', 16.066104, 108.24563),
(189, 17, 'TP Buôn Ma Thuột', 12.658763, 108.050194),
(190, 17, 'Ea H''leo', 13.321476, 108.071823),
(191, 17, 'Ea Súp', 13.309783, 107.904968),
(192, 17, 'Krông Năng', 12.950025, 108.362274),
(193, 17, 'Krông Buk', 12.79908, 108.391628),
(194, 17, 'Buôn Đôn', 12.881425, 107.716141),
(195, 17, 'Cư M''gar', 12.838917, 108.046074),
(196, 17, 'Ea Kar', 12.800419, 108.546295),
(197, 17, 'M'' Drăk', 12.75572, 108.734865),
(198, 17, 'Krông Pak', 12.746177, 108.380127),
(199, 17, 'Krông Ana', 12.48418, 108.024101),
(200, 17, 'Krông Bông', 12.474124, 108.474884),
(201, 17, 'Lăk', 12.317865, 108.190613),
(202, 17, 'Buôn Hồ', 0, 0),
(203, 17, 'Cư Kuin', 12.581706, 108.189926),
(204, 18, 'TP Điện Biên Phủ', 21.390066, 103.018155),
(205, 18, 'Mường Lay', 22.050641, 103.163681),
(206, 18, 'Tủa Chùa', 21.856878, 103.341351),
(207, 18, 'Tuần Giáo', 21.587691, 103.41907),
(208, 18, 'Điện Biên', 21.204898, 103.034248),
(209, 18, 'Điện Biên Đông', 21.272099, 103.233719),
(210, 18, 'Mường Nhé', 22.194399, 102.453518),
(211, 18, 'Mường Chà', 21.749216, 103.086133),
(212, 18, 'Mường Ẩng', 21.565183, 103.220329),
(213, 19, 'TP Biên Hòa', 10.954338, 106.854057),
(214, 19, 'Định Quán', 11.193895, 107.34355),
(215, 19, 'Long Thành', 10.778758, 106.94478),
(216, 19, 'Nhơn Trạch', 10.698394, 106.891479),
(217, 19, 'Tân Phú', 11.268232, 107.429209),
(218, 19, 'Thống Nhất', 10.94827, 106.832643),
(219, 19, 'Vĩnh Cữu', 11.309054, 107.060394),
(220, 19, 'Xuân Lộc', 10.967483, 107.431183),
(221, 19, 'Cẩm Mỹ', 10.820155, 107.267075),
(222, 19, 'Trảng Bom', 10.949113, 107.001643),
(223, 19, 'Long Khánh', 10.946922, 107.230682),
(224, 20, 'TP Cao Lãnh', 10.455233, 105.628052),
(225, 20, 'Sa Đéc', 10.302084, 105.765553),
(226, 20, 'Tân Hồng', 10.878488, 105.486259),
(227, 20, 'Hồng Ngự', 10.827236, 105.395107),
(228, 20, 'Tam Nông', 10.720321, 105.547371),
(229, 20, 'Thanh Bình', 10.555828, 105.491753),
(230, 20, 'Tháp Mười', 10.533045, 105.829926),
(231, 20, 'Lấp Vò', 10.35794, 105.520978),
(232, 20, 'Lai Vung', 10.294061, 105.658822),
(233, 20, 'Châu Thành', 10.206813, 105.805893),
(234, 21, 'TP Pleiku', 13.972384, 108.014832),
(235, 21, 'An Khê', 14.030348, 108.688774),
(236, 21, 'Ayun Pa', 13.376594, 108.39901),
(237, 21, 'Chư Păh', 14.177855, 107.928314),
(238, 21, 'Chư Prông', 13.744221, 107.893896),
(239, 21, 'Chư Sê', 13.740052, 108.095169),
(240, 21, 'Đắk Đoa', 0, 0),
(241, 21, 'Đắk Pơ', 13.949395, 108.592987),
(242, 21, 'Đắk Cơ', 0, 0),
(243, 21, 'La Grai', 13.970718, 107.623444),
(244, 21, 'La Pa', 13.647321, 107.924023),
(245, 21, 'Kong Chro', 0, 0),
(246, 21, 'Krông Pa', 13.215882, 108.669891),
(247, 21, 'Mang Yang', 13.99204, 108.264771),
(248, 21, 'Phú Thiện', 13.539117, 108.32674),
(249, 21, 'Chư Pưh', 13.474772, 108.095512),
(250, 21, 'KBang', 14.143484, 108.602643),
(251, 22, 'Hà Giang', 22.800554, 104.977798),
(252, 22, 'Đồng Văn', 23.27825, 105.362148),
(253, 22, 'Mèo Vạc', 23.164706, 105.409656),
(254, 22, 'Yên Minh', 23.118654, 105.155597),
(255, 22, 'Quản Bạ', 23.088575, 104.986038),
(256, 22, 'Bắc Mê', 22.783145, 105.26619),
(257, 22, 'Hoàng Su Phì', 22.64063, 104.703827),
(258, 22, 'Vị Xuyên', 22.723624, 104.891968),
(259, 22, 'Xín Mần', 22.567732, 104.523239),
(260, 22, 'Bắc Quang', 22.362141, 104.798584),
(261, 22, 'Quang Bình', 22.827374, 104.985008),
(262, 23, 'TX Phủ Lý', 20.541748, 105.913954),
(263, 23, 'Bình Lục', 20.50228, 106.033173),
(264, 23, 'Duy Tiên', 20.640817, 105.958328),
(265, 23, 'Kim Bàng', 20.570118, 105.852585),
(266, 23, 'Lý Nhân', 20.558867, 106.099777),
(267, 23, 'Thanh Liêm', 20.474622, 105.899277),
(268, 25, 'Hà Tĩnh', 18.362346, 105.916443),
(269, 25, 'Hồng Lĩnh', 18.533979, 105.705986),
(270, 25, 'Cẩm Xuyên', 18.278951, 105.955153),
(271, 25, 'Can Lộc', 18.456163, 105.712166),
(272, 25, 'Đức Thọ', 18.541059, 105.585523),
(273, 25, 'Hương Khê', 18.176476, 105.711737),
(274, 25, 'Hương Sơn', 18.526492, 105.26619),
(275, 25, 'Kỳ Anh', 18.078265, 106.290021),
(276, 25, 'Nghi Xuân', 18.754252, 105.7265),
(277, 25, 'Thạch Hà', 18.306129, 105.852242),
(278, 25, 'Vũ Quang', 18.365278, 105.471325),
(279, 25, 'Lộc Hà', 18.489703, 105.89859),
(280, 26, 'TP Hải Dương', 20.939316, 106.314526),
(281, 26, 'Bình Giang', 20.874371, 106.193161),
(282, 26, 'Cẩm Giảng', 20.951821, 106.228695),
(283, 26, 'Chí Linh', 21.139908, 106.381989),
(284, 26, 'Gia Lộc', 20.867955, 106.30002),
(285, 26, 'Kim Thành', 20.939637, 106.498032),
(286, 26, 'Kinh Môn', 21.019778, 106.511765),
(287, 26, 'Nam Sách', 21.000788, 106.333022),
(288, 26, 'Ninh Giang', 20.727699, 106.398339),
(289, 26, 'Thanh Hà', 20.904602, 106.425591),
(290, 26, 'Thanh Miện', 20.788897, 106.237621),
(291, 26, 'Tứ Kỳ', 20.820188, 106.403747),
(292, 27, 'Đồ Sơn', 20.730428, 106.76033),
(293, 27, 'Hồng Bàng', 20.876777, 106.648836),
(294, 27, 'Ngô Quyền', 20.86218, 106.703854),
(295, 27, 'Lê Chân', 20.842128, 106.682053),
(296, 27, 'Kiến An', 20.811002, 106.640854),
(297, 27, 'Thủy Nguyên', 20.960157, 106.654587),
(298, 27, 'An Lão', 20.823517, 106.557083),
(299, 27, 'Tiên Lãng', 20.704739, 106.592102),
(300, 27, 'Vĩnh Bảo', 20.691651, 106.479492),
(301, 27, 'Kiến Thụy', 20.735566, 106.664543),
(302, 27, 'An Dương', 20.866391, 106.613002),
(303, 27, 'Hải An', 20.82079, 106.756039),
(304, 27, 'Dương Kinh', 20.782276, 106.718102),
(305, 27, 'Đảo Cát Hải', 20.801053, 106.893454),
(306, 27, 'Đảo Bạch Long Vĩ', 20.138067, 107.730989),
(307, 28, 'Hòa Bình', 20.845337, 105.337486),
(308, 28, 'Đà Bắc', 20.877098, 105.251055),
(309, 28, 'Mai Châu', 20.66202, 105.091581),
(310, 28, 'Cao Phong', 20.706505, 105.330706),
(311, 28, 'Lương Sơn', 20.896022, 105.518675),
(312, 28, 'Kim  Bôi', 20.720153, 105.51384),
(313, 28, 'Tân Lạc', 20.645636, 105.236435),
(314, 28, 'Lạc Sơn', 20.466903, 105.453415),
(315, 28, 'Lạc Thủy', 0, 0),
(316, 28, 'Yên Thủy', 20.408995, 105.619698),
(317, 28, 'Kỳ Sơn', 20.840845, 105.342293),
(318, 29, 'TP Huế', 0, 0),
(319, 29, 'A Lưới', 0, 0),
(320, 29, 'Hương Thủy', 0, 0),
(321, 29, 'Hương Trà', 0, 0),
(322, 29, 'Nam Đông', 0, 0),
(323, 29, 'Phú Lộc', 0, 0),
(324, 29, 'Phú Vang', 0, 0),
(325, 29, 'Quảng Điền', 0, 0),
(326, 29, 'Phong Điền', 0, 0),
(327, 30, 'Hưng Yên', 20.657522, 106.051655),
(328, 30, 'Ân Thi', 20.817099, 106.085944),
(329, 30, 'Khoái Châu', 20.83916, 105.974278),
(330, 30, 'Kim Động', 20.753867, 106.028652),
(331, 30, 'Mỹ Hào', 20.931621, 106.09972),
(332, 30, 'Phù Cừ', 20.721438, 106.195106),
(333, 30, 'Tiên Lữ', 20.694462, 106.122723),
(334, 30, 'Văn Giang', 20.939316, 105.930505),
(335, 30, 'Văn Lâm', 20.982277, 106.053028),
(336, 30, 'Yên Mỹ', 20.885678, 106.036162),
(337, 31, 'TP Nha Trang', 12.254799, 109.192314),
(338, 31, 'Cam Ranh', 11.924462, 109.144249),
(339, 31, 'Vạn Ninh', 12.754213, 109.267044),
(340, 31, 'Ninh Hòa', 12.518369, 109.132462),
(341, 31, 'Diên Khánh', 12.247669, 109.089503),
(342, 31, 'Khánh Vĩnh', 12.277612, 108.917227),
(343, 31, 'Khánh Sơn', 12.037306, 108.929329),
(344, 31, 'Cam Lâm', 12.107809, 109.144821),
(345, 31, 'Đảo Trường Sa', 28.27052, 112.925262),
(346, 59, 'TP Rạch Giá', 10.037824, 105.090981),
(347, 59, 'Hà Tiên', 10.393948, 104.490852),
(348, 59, 'An Biên', 9.824772, 105.057335),
(349, 59, 'An Minh', 9.677922, 104.951591),
(350, 59, 'Giồng Riềng', 9.902569, 105.295687),
(351, 59, 'Gò Quao', 9.750002, 105.272684),
(352, 59, 'Hòn Đất', 10.203434, 104.92281),
(353, 59, 'Kiên Hải', 9.914744, 105.121765),
(354, 59, 'Kiên Lương', 10.297692, 104.69347),
(355, 59, 'Phú Quốc', 10.25006, 103.97438),
(356, 59, 'Tân Hiệp', 10.119626, 105.241356),
(357, 59, 'Vĩnh Thuận', 9.516449, 105.261326),
(358, 59, 'Châu Thành', 9.901892, 105.148659),
(359, 59, 'U Minh Thượng', 9.612259, 105.090981),
(360, 59, 'Giang Thành', 0, 0),
(361, 32, 'Kon Tum', 14.358196, 107.998238),
(362, 32, 'Đắk Glei', 15.135764, 107.727585),
(363, 32, 'Ngọc Hồi', 14.685896, 107.594376),
(364, 32, 'Đắk  Tô', 14.663976, 107.817221),
(365, 32, 'Kon Rẫy', 14.571622, 108.179398),
(366, 32, 'Kon Plông', 14.635576, 108.408093),
(367, 32, 'Đắk Hà', 14.505821, 107.918501),
(368, 32, 'Sa Thầy', 14.406417, 107.795591),
(369, 32, 'Tu Mơ Rông', 14.883078, 107.964993),
(370, 33, 'Lai Châu', 22.375476, 102.633362),
(371, 33, 'Tam Đường', 22.40595, 102.622375),
(372, 33, 'Sìn Hồ', 22.363411, 103.249454),
(373, 33, 'Than Uyên', 21.904826, 103.774681),
(374, 33, 'Phong Thổ', 22.544269, 103.290853),
(375, 33, 'Mường Tè', 22.446572, 102.71347),
(376, 33, 'Lai Châu', 22.375476, 102.633362),
(377, 33, 'Tân Uyên', 22.114905, 103.675003),
(378, 34, 'TP Đà Lạt', 11.953349, 108.456917),
(379, 34, 'Bảo Lộc', 11.545289, 107.775764),
(380, 34, 'Lạc Dương', 12.031262, 108.437748),
(381, 34, 'Đơn Dương', 11.773259, 108.54332),
(382, 34, 'Đức Trọng', 11.661651, 108.308487),
(383, 34, 'Lâm Hà', 11.818965, 108.195877),
(384, 34, 'Di Linh', 11.578588, 108.066645),
(385, 34, 'Đạ Huoai', 11.424168, 107.647362),
(386, 34, 'Đạ Tẻ', 11.529815, 107.485714),
(387, 34, 'Cát Tiên', 11.671066, 107.448807),
(388, 34, 'Đam Rông', 12.084982, 108.095627),
(389, 34, 'Bảo Lâm', 11.75847, 107.713852),
(390, 35, 'TP Lạng Sơn', 21.860861, 106.761646),
(391, 35, 'Tràng Định', 22.315778, 106.492996),
(392, 35, 'Văn Lãng', 22.104726, 106.581001),
(393, 35, 'Văn Quan', 21.864446, 106.537328),
(394, 35, 'Bình Gia', 21.956977, 106.373391),
(395, 35, 'Bắc Sơn', 21.89957, 106.320777),
(396, 35, 'Hữu Lũng', 21.50187, 106.349444),
(397, 35, 'Chi Lăng', 21.573245, 106.502395),
(398, 35, 'Cao Lộc', 21.859906, 106.760616),
(399, 35, 'Lộc Bình', 22.315778, 106.492996),
(400, 35, 'Đình Lập', 21.547621, 107.096686),
(401, 36, 'TP Lào Cai', 22.461167, 104.006081),
(402, 36, 'Bảo Thắng', 22.351346, 104.140549),
(403, 36, 'Bát Xát', 22.545062, 103.886962),
(404, 36, 'Bảo Yên', 22.299261, 104.445419),
(405, 36, 'Bắc Hà', 22.545458, 104.294829),
(406, 36, 'Mường Khương', 22.762886, 104.12231),
(407, 36, 'Sa Pa', 22.340867, 103.842916),
(408, 36, 'Si Ma Cai', 22.701138, 104.285388),
(409, 36, 'Văn Bàn', 22.108543, 104.189987),
(410, 37, 'Tân An', 10.538783, 106.413517),
(411, 37, 'Mộc Hóa', 10.752366, 105.941305),
(412, 37, 'Vĩnh Hưng', 10.897368, 105.784893),
(413, 37, 'Tân Thạnh', 10.605101, 106.049638),
(414, 37, 'Thạnh Hóa', 10.65251, 106.176653),
(415, 37, 'Đức Huệ', 10.891299, 106.276817),
(416, 37, 'Bến Lức', 10.702442, 106.463585),
(417, 37, 'Thủ Thừa', 10.601305, 106.404119),
(418, 37, 'Đức Hòa', 10.881859, 106.414833),
(419, 37, 'Tân Trụ', 10.509839, 106.514325),
(420, 37, 'Cần Đước', 10.505197, 106.602044),
(421, 37, 'Châu Thành', 10.479034, 106.476631),
(422, 37, 'Cần Giuộc', 10.606198, 106.671567),
(423, 37, 'Tân Hưng', 10.834823, 105.66709),
(424, 38, 'TP Nam Định', 20.425404, 106.168728),
(425, 38, 'Giao Thủy', 20.244804, 106.466331),
(426, 38, 'Hải Hậu', 20.171989, 106.279564),
(427, 38, 'Mỹ Lộc', 20.427013, 106.169071),
(428, 38, 'Nam Trực', 20.349777, 106.217766),
(429, 38, 'Nghĩa Hưng', 20.103654, 106.185379),
(430, 38, 'Trực Ninh', 20.253823, 106.215706),
(431, 38, 'Vụ Bàn', 20.380033, 106.100349),
(432, 38, 'Xuân Trường', 20.289732, 106.338186),
(433, 38, 'Ý Yên', 20.383894, 105.992546),
(434, 39, 'TP Vinh', 18.685927, 105.681553),
(435, 39, 'Cửa Lò', 18.823117, 105.716915),
(436, 39, 'Anh Sơn', 18.930401, 105.082326),
(437, 39, 'Con Cuông', 19.049705, 104.88234),
(438, 39, 'Diễn Châu', 18.978945, 105.59731),
(439, 39, 'Đô Lương', 18.90385, 105.316801),
(440, 39, 'Hưng Nguyên', 18.665437, 105.633345),
(441, 39, 'Kỳ Châu', 0, 0),
(442, 39, 'Kỳ Sơn', 19.440694, 104.193878),
(443, 39, 'Nam Đàn', 18.711943, 105.524254),
(444, 39, 'Nghi Lộc', 18.828966, 105.585365),
(445, 39, 'Nghĩa Đàn', 19.422563, 105.442429),
(446, 39, 'Quế Phong', 19.610169, 104.924397),
(447, 39, 'Quỳ Hợp', 19.324103, 105.181704),
(448, 39, 'Quỳnh Lưu', 19.237253, 105.633316),
(449, 39, 'Tân Kỳ', 19.042485, 105.270281),
(450, 39, 'Thanh Chương', 18.782736, 105.333552),
(451, 39, 'Tương Dương', 19.258565, 104.475245),
(452, 39, 'Yên Thành', 19.002156, 105.468307),
(453, 39, 'Thái Hà', 0, 0),
(454, 40, 'Ninh Bình', 0, 0),
(455, 40, 'Gia Viễn', 20.343822, 105.846648),
(456, 40, 'Hoa Lư', 20.25801, 105.973377),
(457, 40, 'Kim Sơn', 20.375446, 105.800729),
(458, 40, 'Nho Quan', 20.321368, 105.748458),
(459, 40, 'Yên Khánh', 0, 0),
(460, 40, 'Yên Mô', 20.143628, 105.99329),
(461, 41, 'Phan Rang - Tháp Chàm', 11.589687, 108.991871),
(462, 41, 'Ninh Sơn', 11.71141, 108.73558),
(463, 41, 'Bác Ái', 11.859287, 108.859177),
(464, 41, 'Ninh Hải', 11.715444, 109.164162),
(465, 41, 'Ninh Phước', 11.515014, 108.853683),
(466, 41, 'Thuận Bắc', 11.769226, 109.069405),
(467, 41, 'Thuận Nam', 11.724856, 108.849335),
(468, 42, 'TP Việt Trì', 21.320721, 105.43087),
(469, 42, 'Phú Thọ', 21.120053, 105.582047),
(470, 42, 'Cẩm Khê', 21.446678, 105.057335),
(471, 42, 'Đoan Hùng', 21.631899, 105.175796),
(472, 42, 'Hạ Hòa', 21.582743, 105.012016),
(473, 42, 'Lâm Thao', 21.325678, 105.286775),
(474, 42, 'Phù Ninh', 21.486297, 105.290794),
(475, 42, 'Thanh Ba', 21.43038, 105.23077),
(476, 42, 'Thanh Sơn', 21.218981, 105.18764),
(477, 42, 'Thanh Thủy', 21.147913, 105.287447),
(478, 42, 'Yên Lập', 21.357256, 105.070052),
(479, 42, 'Tam Nông', 21.30153, 105.23037),
(480, 42, 'Tân Sơn', 21.188253, 104.989243),
(481, 43, 'TP Tuy Hòa', 13.094192, 109.315224),
(482, 43, 'Đồng Xuân', 13.445723, 108.951187),
(483, 43, 'Sông Cầu', 13.527184, 109.161301),
(484, 43, 'Tuy An', 13.312121, 109.239693),
(485, 43, 'Sơn Hòa', 13.166411, 108.9608),
(486, 43, 'Phú Hòa', 13.07279, 109.166222),
(487, 43, 'Đông Hòa', 12.970435, 109.350243),
(488, 43, 'Sông Hinh', 12.97838, 108.898187),
(489, 43, 'Tây Hòa', 12.935638, 109.164162),
(490, 44, 'TP Đồng Hới', 17.482327, 106.599541),
(491, 44, 'Bố Trạch', 17.53144, 106.304855),
(492, 44, 'Lệ Thủy', 17.14079, 106.668777),
(493, 44, 'Minh Hóa', 17.746071, 105.932693),
(494, 44, 'Quảng Trạch', 17.887273, 106.396866),
(495, 44, 'Quảng Ninh', 17.264105, 106.458664),
(496, 44, 'Tuyên Hóa', 17.959138, 105.968399),
(497, 45, 'Tam Kỳ', 15.572774, 108.484097),
(498, 45, 'Hội An', 15.887376, 108.338127),
(499, 45, 'Duy Xuyên', 15.787628, 108.164406),
(500, 45, 'Đại Lộc', 15.85171, 107.977638),
(501, 45, 'Điện Bàn', 15.918413, 108.211784),
(502, 45, 'Đông Giang', 15.952086, 107.723465),
(503, 45, 'Nam Giang', 15.68651, 107.623215),
(504, 45, 'Tây Giang', 15.907188, 107.494125),
(505, 45, 'Quế Sơn', 15.696425, 108.168526),
(506, 45, 'Hiệp Đức', 15.566821, 108.080635),
(507, 45, 'Núi Thành', 15.431177, 108.63862),
(508, 45, 'Nam Trà My', 15.099969, 108.091507),
(509, 45, 'Bắc Trà My', 15.342465, 108.21785),
(510, 45, 'Phú Ninh', 15.587325, 108.405418),
(511, 45, 'Phước Sơn', 15.400728, 107.808609),
(512, 45, 'Thăng Bình', 15.700392, 108.380012),
(513, 45, 'Tiên Phước', 15.511912, 108.261909),
(514, 45, 'Nông Sơn', 15.669321, 107.976952),
(515, 46, 'TP Quảng Ngãi', 15.130462, 108.753204),
(516, 46, 'Ba Tơ', 14.765172, 108.733993),
(517, 46, 'Bình Sơn', 15.333194, 108.784447),
(518, 46, 'Đức Phổ', 14.813388, 108.958783),
(519, 46, 'Minh Long', 14.928365, 108.703165),
(520, 46, 'Mộ Đức', 14.964023, 108.87783),
(521, 46, 'Nghĩa Hành', 15.015759, 108.78582),
(522, 46, 'Sơn Hà', 15.065493, 108.573532),
(523, 46, 'Sơn Tây', 14.960043, 108.353233),
(524, 46, 'Sơn Tịnh', 15.151506, 108.804102),
(525, 46, 'Tây Trà', 15.184808, 108.357353),
(526, 46, 'Trà Bồng', 15.263651, 108.493996),
(527, 46, 'Tư Nghĩa', 15.117867, 108.752174),
(528, 46, 'Đảo Lý Sơn', 15.383681, 109.122462),
(529, 47, 'TP Hạ Long', 20.974904, 107.035561),
(530, 47, 'Cẩm Phả', 21.030674, 107.315025),
(531, 47, 'Móng Cái', 21.560393, 107.88414),
(532, 47, 'Uông Bí', 21.063997, 106.780014),
(533, 47, 'Ba Chẽ', 21.275458, 107.2965),
(534, 47, 'Bình Liêu', 21.525745, 107.399583),
(535, 47, 'Cô Tô', 20.976507, 107.764835),
(536, 47, 'Đầm Hà', 21.355817, 107.595448),
(537, 47, 'Đông Triều', 21.107563, 106.602974),
(538, 47, 'Hải Hà', 21.487574, 107.695999),
(539, 47, 'Hoành Bồ', 21.074249, 107.039566),
(540, 47, 'Tiên Yên', 21.330155, 107.399755),
(541, 47, 'Vân Đồn', 21.097313, 107.418594),
(542, 47, 'Yên Hưng', 20.943405, 106.801515),
(543, 48, 'Đông Hà', 16.837733, 107.098446),
(544, 48, 'Quảng Trị', 16.707561, 107.153034),
(545, 48, 'Cam Lộ', 16.796653, 106.978569),
(546, 48, 'Cồn Cỏ', 17.162934, 107.34086),
(547, 48, 'Đa Krông', 16.658765, 106.816353),
(548, 48, 'Gio Linh', 16.939901, 107.0327),
(549, 48, 'Hải Lăng', 16.706575, 107.154751),
(550, 48, 'Hướng Hóa', 16.675662, 106.675644),
(551, 48, 'Triệu Phong', 16.707561, 107.156124),
(552, 48, 'Vĩnh Linh', 17.038403, 106.965408),
(553, 49, 'TP Sóc Trăng', 9.611244, 105.972347),
(554, 49, 'Kế Sách', 9.772333, 105.974951),
(555, 49, 'Cù Lao Dung', 9.674453, 106.149373),
(556, 49, 'Long Phú', 9.664046, 105.651684),
(557, 49, 'Mỹ Tú', 9.613952, 105.775967),
(558, 49, 'Mỹ Xuyên', 9.555725, 105.98731),
(559, 49, 'Thạnh Trị', 9.466333, 105.702152),
(560, 49, 'Vĩnh Châu', 9.336607, 105.98156),
(561, 49, 'Ngã Năm', 9.56385, 105.607252),
(562, 49, 'Châu Thành', 9.709903, 105.904398),
(563, 49, 'Trần Đề', 9.525253, 106.198797),
(564, 50, 'Sơn La', 21.341188, 103.912697),
(565, 50, 'Quỳnh Nhai', 21.835687, 103.570833),
(566, 50, 'Mường La', 21.252382, 104.759309),
(567, 50, 'Thuận Châu', 21.341188, 103.908577),
(568, 50, 'Phù Yên', 21.264261, 104.650927),
(569, 50, 'Bắc Yên', 21.246982, 104.437895),
(570, 50, 'Mai Sơn', 21.341828, 103.903084),
(571, 50, 'Sông Mã', 21.054866, 103.748174),
(572, 50, 'Yên Châu', 21.046776, 104.300494),
(573, 50, 'Mộc Châu', 20.843652, 104.641585),
(574, 50, 'Sốp Cộp', 20.942042, 103.598742),
(575, 51, 'TP Tây Ninh', 11.374358, 106.11414),
(576, 51, 'Tân Biên', 11.546214, 106.01007),
(577, 51, 'Dương Minh Châu', 11.388074, 106.23692),
(578, 51, 'Hòa Thành', 11.284309, 106.125255),
(579, 51, 'Bến Cầu', 11.121476, 106.175795),
(580, 51, 'Gò Dầu', 11.089808, 106.26636),
(581, 51, 'Tràng Bàng', 11.036992, 106.355453),
(582, 51, 'Châu Thành', 11.313431, 106.023374),
(583, 51, 'Tân Châu', 11.550671, 106.172976),
(584, 52, 'TP Thái Bình', 20.440203, 106.333523),
(585, 52, 'Đông Hưng', 20.556536, 106.355073),
(586, 52, 'Hưng Hà', 20.593339, 106.218896),
(587, 52, 'Kiến Xương', 20.407708, 106.430626),
(588, 52, 'Quỳnh Phụ', 20.661699, 106.353722),
(589, 52, 'Thái Thụy', 20.547294, 106.533623),
(590, 52, 'Tiền Hải', 20.402479, 106.501501),
(591, 52, 'Vũ Thư', 20.447924, 106.32391),
(592, 53, 'TP Thái Nguyên', 21.573165, 105.803719),
(593, 53, 'Sông Công', 21.485019, 105.814075),
(594, 53, 'Phổ Yên', 21.416637, 105.834618),
(595, 53, 'Phú Bình', 21.48438, 105.940361),
(596, 53, 'Đồng  Hỷ', 21.638282, 105.916214),
(597, 53, 'Võ Nhai', 21.802858, 105.965652),
(598, 53, 'Định Hóa', 21.848753, 105.633316),
(599, 53, 'Đại Tử', 21.628229, 105.637479),
(600, 53, 'Phú Lương', 21.77608, 105.678749),
(601, 54, 'TP Thanh Hóa', 19.796425, 105.780087),
(602, 54, 'Bỉm Sơn', 20.078827, 105.874844),
(603, 54, 'Sầm Sơn', 19.748932, 105.900106),
(604, 54, 'Như Xuân', 0, 0),
(605, 54, 'Như Thanh', 19.640162, 105.586238),
(606, 54, 'Thường Xuân', 19.900811, 105.347457),
(607, 54, 'Lang Chánh', 20.15515, 105.240769),
(608, 54, 'Bá Thước', 20.35879, 105.283127),
(609, 54, 'Quan Hóa', 20.477195, 104.957657),
(610, 54, 'Quan Sơn', 20.161677, 105.855646),
(611, 54, 'Mường Lát', 20.519805, 104.590845),
(612, 54, 'Ngọc Lạc', 20.091806, 105.369945),
(613, 54, 'Cẩm Thủy', 20.186168, 105.486488),
(614, 54, 'Thạch Thành', 20.223543, 105.598984),
(615, 54, 'Huyên Hoằng Hóa', 19.799656, 105.795193),
(616, 54, 'Vĩnh Lộc', 20.056818, 105.61439),
(617, 54, 'Huyên Đông Sơn', 20.090274, 105.920191),
(618, 54, 'Huyên Quảng Xương', 19.735684, 105.778413),
(619, 54, 'Nông Cống', 19.607016, 105.642357),
(620, 54, 'Hà Trung', 20.033193, 105.845618),
(621, 54, 'Hậu Lộc', 19.910496, 105.89025),
(622, 54, 'Nga Sơn', 19.996257, 105.963292),
(623, 54, 'Thiệu Hóa', 19.901054, 105.636864),
(624, 54, 'Thọ Xuân', 19.931799, 105.522895),
(625, 54, 'Tĩnh Gia', 19.447412, 105.778842),
(626, 54, 'Triệu Sơn', 19.816533, 105.609756),
(627, 54, 'Yên Định', 19.981093, 105.614891),
(628, 56, 'TP Mỹ Tho', 10.379765, 106.342449),
(629, 56, 'Gò Công', 10.375713, 106.664085),
(630, 56, 'Cái Bè', 10.338056, 106.029553),
(631, 56, 'Cai Lậy', 10.405599, 106.119676),
(632, 56, 'Tân Phước', 10.473126, 106.7167),
(633, 56, 'Chợ Gạo', 10.351481, 106.465316),
(634, 56, 'Gò Công Tây', 10.345993, 106.602974),
(635, 56, 'Gò Công Đông', 10.373011, 106.74511),
(636, 56, 'Châu Thành', 10.463505, 106.488991),
(637, 56, 'Tân Phú Đông', 10.266276, 106.702538),
(638, 57, 'Trà Vinh', 9.944166, 106.333866),
(639, 57, 'Cầu Kè', 9.870691, 106.059079),
(640, 57, 'Càng Long', 10.004522, 106.21047),
(641, 57, 'Tiểu Cần', 9.808364, 106.198983),
(642, 57, 'Cầu Ngang', 9.796523, 106.450968),
(643, 57, 'Trà Cú', 9.687441, 106.257509),
(644, 57, 'Duyên Hải', 9.6346, 106.501408),
(645, 57, 'Châu Thành', 9.943151, 106.345539),
(646, 58, 'Tuyên Quang', 21.756311, 105.223503),
(647, 58, 'Chiêm Hóa', 22.160699, 105.224075),
(648, 58, 'Hàm Yên', 22.066392, 105.032115),
(649, 58, 'Nà Hang', 0, 0),
(650, 58, 'Sơn Dương', 21.698106, 105.391474),
(651, 58, 'Yên Sơn', 21.770978, 105.237923),
(652, 58, 'Lâm Bình', 21.755673, 105.249596),
(653, 60, 'TP Vĩnh Long', 10.256141, 105.938015),
(654, 60, 'Bình Minh', 10.027005, 105.844975),
(655, 60, 'Vũng Liêm', 10.064192, 106.129875),
(656, 60, 'Long Hồ', 10.253101, 105.939732),
(657, 60, 'Mang Thít', 10.171671, 106.061211),
(658, 60, 'Tam Bình', 10.087178, 105.941734),
(659, 60, 'Trà Ôn', 9.991843, 105.994606),
(660, 60, 'Bình Tân', 10.123005, 105.772133),
(661, 61, 'Vĩnh Yên', 21.314004, 105.599499),
(662, 61, 'Phúc Yên', 21.258021, 105.702782),
(663, 61, 'Bình Xuyên', 21.325838, 105.682869),
(664, 61, 'Lập Thạch', 21.433895, 105.470695),
(665, 61, 'Tam Dương', 21.377639, 105.562019),
(666, 61, 'Tam Đảo', 21.534847, 105.60585),
(667, 61, 'Vĩnh Tường', 21.248422, 105.491981),
(668, 61, 'Yên Lạc', 21.239462, 105.585551),
(669, 61, 'Sông Lô', 21.469684, 105.386238),
(670, 62, 'TP Vũng Tàu', 10.355661, 107.085071),
(671, 62, 'Bà Rịa', 10.510851, 107.181587),
(672, 62, 'Châu Đức', 10.637664, 107.243385),
(673, 62, 'Đất Đỏ', 10.492876, 107.26922),
(674, 62, 'Long Điền', 10.484774, 107.212958),
(675, 62, 'Tân Thành', 10.568316, 107.077303),
(676, 62, 'Xuyên Mộc', 10.621467, 107.43187),
(677, 62, 'Côn Đảo', 8.685312, 106.609097),
(678, 63, 'TP Yên Bái', 21.880615, 104.53332),
(679, 63, 'Nghĩa Lộ', 21.604131, 104.506359),
(680, 63, 'Lục Yên', 22.107271, 104.689865),
(681, 63, 'Mù Cang Chải', 21.773529, 104.136429),
(682, 63, 'Trấn Yên', 21.72474, 104.901524),
(683, 63, 'Trạm Tấu', 21.453069, 104.38777),
(684, 63, 'Văn Chấn', 21.446678, 104.788742),
(685, 63, 'Văn Yên', 21.880615, 104.53331),
(686, 63, 'Yên Bình', 21.880615, 104.53333),
(687, 66, 'Châu Thành', 9.925904, 105.808125),
(688, 66, 'Châu Thành A', 9.930977, 105.627022),
(689, 66, 'TP Vị Thanh', 9.782145, 105.455589),
(690, 66, 'Phụng Hiệp', 9.835258, 105.816822),
(691, 66, 'Long Mỹ', 9.681518, 105.572305),
(692, 66, 'Ngã Bảy', 9.823757, 105.824032),
(693, 66, 'Vị Thủy', 9.833567, 105.566826),
(694, 67, 'Cư Jút', 12.659768, 107.866516),
(695, 67, 'Đăk Glong', 12.101767, 107.801971),
(696, 67, 'Đăk Mil', 12.450406, 107.622929),
(697, 67, 'Đăk R''Lấp', 11.924462, 107.526627),
(698, 67, 'Đăk Song', 12.237352, 107.619324),
(699, 67, 'Gia Nghĩa', 12.004398, 107.686615),
(700, 67, 'Krông Nô', 12.344697, 107.810211),
(701, 67, 'Tuy Đức', 12.1595, 107.432556);

-- --------------------------------------------------------

--
-- Table structure for table `tbl_feature`
--

CREATE TABLE IF NOT EXISTS `tbl_feature` (
  `id` int(11) NOT NULL AUTO_INCREMENT,
  `name` varchar(250) CHARACTER SET utf8 COLLATE utf8_unicode_ci NOT NULL,
  `icon` varchar(50) NOT NULL,
  `key` varchar(50) NOT NULL,
  PRIMARY KEY (`id`)
) ENGINE=InnoDB  DEFAULT CHARSET=latin1 AUTO_INCREMENT=10 ;

--
-- Dumping data for table `tbl_feature`
--

INSERT INTO `tbl_feature` (`id`, `name`, `icon`, `key`) VALUES
(1, 'Internet Wifi', '<i class=''glyphicons-download_alt'' />', 'internet-wifi'),
(2, 'Giữ xe miễn phí', '<i class=''glyphicons-download_alt''/>', 'giu-xe-mien-phi'),
(3, 'Chụp hình', '<i class="" />', 'chup-hinh'),
(4, 'Máy lạnh', '', 'may-lanh'),
(5, 'Sân vườn', '', 'san-vuon'),
(6, 'Nhạc sống', '', 'nhac-song'),
(7, 'Chỗ chơi cho trẻ em', '', 'cho-choi-cho-tre-em'),
(8, 'Xuất hóa đơn đỏ', '', 'xuat-hoa-don-do'),
(9, 'Chỗ đậu xe hơi', '', 'cho-dau-xe-hoi');

-- --------------------------------------------------------

--
-- Table structure for table `tbl_guest`
--

CREATE TABLE IF NOT EXISTS `tbl_guest` (
  `id` int(11) NOT NULL AUTO_INCREMENT,
  `ip` varchar(16) CHARACTER SET latin1 NOT NULL,
  `entry_time` varchar(32) CHARACTER SET latin1 NOT NULL,
  `exit_time` varchar(32) CHARACTER SET latin1 NOT NULL,
  `agent` varchar(16) CHARACTER SET latin1 NOT NULL,
  PRIMARY KEY (`id`)
) ENGINE=InnoDB  DEFAULT CHARSET=utf8 AUTO_INCREMENT=3 ;

--
-- Dumping data for table `tbl_guest`
--

INSERT INTO `tbl_guest` (`id`, `ip`, `entry_time`, `exit_time`, `agent`) VALUES
(2, '192.168.1.3', '1381482197', '1381485797', '192.168.1.3');

-- --------------------------------------------------------

--
-- Table structure for table `tbl_post`
--

CREATE TABLE IF NOT EXISTS `tbl_post` (
  `id` int(11) NOT NULL AUTO_INCREMENT,
  `id_store` int(11) NOT NULL,
  `author` varchar(50) CHARACTER SET utf8 NOT NULL,
  `date` timestamp NOT NULL DEFAULT CURRENT_TIMESTAMP,
  `content` longtext CHARACTER SET utf8 NOT NULL,
  `title` text CHARACTER SET utf8 NOT NULL,
  `type` int(11) NOT NULL DEFAULT '0',
  `key` varchar(250) CHARACTER SET utf8 NOT NULL,
  PRIMARY KEY (`id`),
  KEY `id_store` (`id_store`)
) ENGINE=InnoDB  DEFAULT CHARSET=utf8 COLLATE=utf8_unicode_ci AUTO_INCREMENT=3 ;

--
-- Dumping data for table `tbl_post`
--

INSERT INTO `tbl_post` (`id`, `id_store`, `author`, `date`, `content`, `title`, `type`, `key`) VALUES
(1, 115, 'Bùi Thanh tuấn1', '2013-10-13 03:26:57', 'Chúng tôi là ai !?1', 'Who are you ?1', 1, 'who-are-you-1-1'),
(2, 115, 'a1', '2013-10-13 03:27:15', 'v1', '11', 21, '11-2');

-- --------------------------------------------------------

--
-- Table structure for table `tbl_province`
--

CREATE TABLE IF NOT EXISTS `tbl_province` (
  `id` int(11) NOT NULL AUTO_INCREMENT,
  `name` varchar(50) CHARACTER SET utf8 COLLATE utf8_unicode_ci NOT NULL,
  `X` double NOT NULL,
  `Y` double NOT NULL,
  `order` int(11) NOT NULL,
  PRIMARY KEY (`id`)
) ENGINE=InnoDB  DEFAULT CHARSET=latin1 AUTO_INCREMENT=68 ;

--
-- Dumping data for table `tbl_province`
--

INSERT INTO `tbl_province` (`id`, `name`, `X`, `Y`, `order`) VALUES
(1, 'Cần Thơ', 10.028358, 105.764179, 0),
(2, 'An Giang', 10.383396, 105.440061, 0),
(4, 'Bắc Cạn', 22.150842, 105.827866, 0),
(5, 'Bắc Giang', 21.283696, 106.196766, 0),
(6, 'Bắc  Ninh', 21.17997, 106.070423, 0),
(7, 'Bạc Liêu', 9.288455, 105.722251, 0),
(8, 'Bến Tre', 10.242458, 106.376238, 0),
(10, 'Bình Định', 13.785153, 109.219809, 0),
(11, 'Bình Dương', 10.997142, 106.664543, 0),
(12, 'Bình Phước', 11.652236, 106.606865, 0),
(13, 'Bình Thuận', 10.936473, 108.108902, 0),
(14, 'Cà Mau', 9.192259, 105.150146, 0),
(15, 'Cao Bằng', 22.666294, 106.260624, 0),
(16, 'Đà Nẵng', 16.047463, 108.219881, 0),
(17, 'Đắk Lắk', 12.658763, 108.050194, 0),
(18, 'Điện Biên', 21.204898, 103.034248, 0),
(19, 'Đồng Nai', 10.954338, 106.854057, 0),
(20, 'Đồng Tháp', 10.455233, 105.628052, 32),
(21, 'Gia Lai', 13.972384, 108.014832, 0),
(22, 'Hà Giang', 22.800554, 104.977798, 0),
(23, 'Hà Nam', 20.541748, 105.913954, 0),
(25, 'Hà Tĩnh', 18.362346, 105.916443, 0),
(26, 'Hải Dương', 20.939316, 106.314526, 0),
(27, 'Hải Phòng', 20.842128, 106.682053, 0),
(28, 'Hòa Bình', 20.845337, 105.337486, 0),
(29, 'Huế', 16.443659, 107.592144, 0),
(30, 'Hưng Yên', 20.657522, 106.051655, 0),
(31, 'Khánh Hòa', 12.254799, 109.192314, 0),
(32, 'Kon Tum', 14.358196, 107.998238, 0),
(33, 'Lai Châu', 22.375476, 102.633362, 0),
(34, 'Lâm Đồng', 11.953349, 108.456917, 0),
(35, 'Lạng Sơn', 21.860861, 106.761646, 0),
(36, 'Lào Cai', 22.461167, 104.006081, 0),
(37, 'Long An', 10.538783, 106.413517, 0),
(38, 'Nam Định', 20.425404, 106.168728, 0),
(39, 'Nghệ An', 18.685927, 105.681553, 0),
(40, 'Ninh Bình', 20.257366, 105.973721, 0),
(41, 'Ninh Thuận', 11.589687, 108.991871, 0),
(42, 'Phú Thọ', 21.431978, 105.234547, 0),
(43, 'Phú Yên', 13.094192, 109.315224, 0),
(44, 'Quảng Bình', 17.482327, 106.599541, 0),
(45, 'Quảng Nam', 15.572774, 108.484097, 0),
(46, 'Quảng Ngãi', 15.130462, 108.753204, 0),
(47, 'Quảng Ninh', 20.974904, 107.035561, 0),
(48, 'Quảng Trị', 16.707561, 107.153034, 0),
(49, 'Sóc Trăng', 9.611244, 105.972347, 0),
(50, 'Sơn La', 21.341188, 103.912697, 0),
(51, 'Tây Ninh', 11.374358, 106.11414, 0),
(52, 'Thái Bình', 20.440203, 106.333523, 0),
(53, 'Thái Nguyên', 21.573165, 105.803719, 0),
(54, 'Thanh Hóa', 19.796425, 105.780087, 0),
(56, 'Tiền Giang', 10.379765, 106.342449, 0),
(57, 'Trà Vinh', 9.944166, 106.333866, 0),
(58, 'Tuyên Quang', 21.756311, 105.223503, 0),
(59, 'Kiên Giang', 10.393948, 104.490852, 0),
(60, 'Vĩnh Long', 10.256141, 105.938015, 64),
(61, 'Vĩnh Phúc', 21.314004, 105.599499, 0),
(62, 'Bà Rịa - Vũng Tàu', 10.355661, 107.085071, 0),
(63, 'Yên Bái', 21.880615, 104.53332, 0),
(64, 'Hà Nội', 21.02815, 105.855503, 0),
(65, 'Hồ Chí Minh', 10.779011, 106.701078, 128),
(66, 'Hậu Giang', 0, 0, 0),
(67, 'Đak Nông', 12.004398, 107.686615, 0);

-- --------------------------------------------------------

--
-- Table structure for table `tbl_store`
--

CREATE TABLE IF NOT EXISTS `tbl_store` (
  `id` int(9) NOT NULL AUTO_INCREMENT,
  `name` varchar(100) COLLATE utf8_unicode_ci NOT NULL,
  `email` varchar(50) COLLATE utf8_unicode_ci NOT NULL,
  `phone` varchar(25) COLLATE utf8_unicode_ci NOT NULL,
  `type` int(11) NOT NULL,
  `address` varchar(200) COLLATE utf8_unicode_ci NOT NULL,
  `id_picasa_album` varchar(50) COLLATE utf8_unicode_ci NOT NULL,
  `key` varchar(100) COLLATE utf8_unicode_ci NOT NULL,
  PRIMARY KEY (`id`)
) ENGINE=InnoDB  DEFAULT CHARSET=utf8 COLLATE=utf8_unicode_ci AUTO_INCREMENT=116 ;

--
-- Dumping data for table `tbl_store`
--

INSERT INTO `tbl_store` (`id`, `name`, `email`, `phone`, `type`, `address`, `id_picasa_album`, `key`) VALUES
(71, 'Cafe Hồng Anh', '2', '0703 828 817', 4, '79/5, đường Pho Co Dieu, phường 3, Tp. Vĩnh Long, Vĩnh Long, Việt Nam', '', 'cafe-hong-anh71'),
(72, 'Cà Phê Sao Đêm', '', '0703 830 182 ', 0, '2, đường Lê Văn Tám, phường 1, Tp. Vĩnh Long, Vĩnh Long, Việt Nam', '', 'ca-phe-sao-demnull'),
(73, 'Cà Phê Nghị', '', '090 734 97 99', 0, '184, đường Phạm Hùng, phường 9, Tp. Vĩnh Long, Vĩnh Long, Việt Nam', '', 'ca-phe-nghinull'),
(74, 'Cà Phê Ngọc Trâm', '', '0702 471 249 ', 0, '116, đường Đinh Tiên Hoàng, phường 8, Tp. Vĩnh Long, Vĩnh Long, Việt Nam', '', 'ca-phe-ngoc-tramnull'),
(75, 'Cà Phê Thiên Đường', '', '0703 838 725 ', 0, '81, đường Trưng Nữ Vương, phường ., Tp. Vĩnh Long, Vĩnh Long, Việt Nam', '', 'ca-phe-thien-duongnull'),
(76, 'Cà Phê Triều Dương', '', '0703 831 346 ', 0, '105, đường 2 Tháng 9, phường , Tp. Vĩnh Long, Vĩnh Long, Việt Nam', '', 'ca-phe-trieu-duongnull'),
(77, 'Cà Phê Hiếu Thảo', '', '0703 827 903', 0, '66, đường Trưng Nữ Vương, phường 1, Tp. Vĩnh Long, Vĩnh Long, Việt Nam', '', 'ca-phe-hieu-thaonull'),
(78, 'Cà Phê Tây Nguyên', '', '0703 522 527 ‎', 0, '76, đường 2 Tháng 9, phường 2, Tp. Vĩnh Long, Vĩnh Long, Việt Nam', '', 'ca-phe-tay-nguyennull'),
(79, 'Cà Phê H3', '', '097 722 32 69 ‎', 0, '9, đường Đinh Tiên Hoàng, phường 8, Tp. Vĩnh Long, Vĩnh Long, Việt Nam', '', 'ca-phe-h3null'),
(80, 'Cà Phê Ngọc Bích', '', '0703 826 307', 0, '80, đường Nguyễn Thị Út, phường 1, Tp. Vĩnh Long, Vĩnh Long, Việt Nam', '', 'ca-phe-ngoc-bichnull'),
(81, 'Cà Phê Cây Mai', '', '0703 822 293', 0, '1, đường Tô Thị Huỳnh, phường ., Tp. Vĩnh Long, Vĩnh Long, Việt Nam', '', 'ca-phe-cay-mainull'),
(82, 'Cà Phê Hồng Ngọc', '', '0703 877 146 ', 0, '7, đường Đinh Tiên Hoàng, phường 8, Tp. Vĩnh Long, Vĩnh Long, Việt Nam', '', 'ca-phe-hong-ngocnull'),
(83, 'Cà Phê 66@', '', '0703 878 005', 0, '66, đường Nguyễn Văn Lâu, phường 8, Tp. Vĩnh Long, Vĩnh Long, Việt Nam', '', 'ca-phe-66null'),
(84, 'Cà Phê Hương Điều', '', '0705 481 806 ', 0, '23, đường Đinh Tiên Hoàng, phường 8, Tp. Vĩnh Long, Vĩnh Long, Việt Nam', '', 'ca-phe-huong-dieunull'),
(85, 'Cà Phê Điểm Hẹn', '', '0703 820 852', 0, '192, đường Lê Thái Tổ, phường ., Tp. Vĩnh Long, Vĩnh Long, Việt Nam', '', 'ca-phe-diem-hennull'),
(86, 'Cà Phê Minh Hoàng', '', '0703 825 270', 0, '34, đường Lưu Văn Liệt, phường 8, Tp. Vĩnh Long, Vĩnh Long, Việt Nam', '', 'ca-phe-minh-hoangnull'),
(87, 'Cafe Trung Tâm', '', '0702 470 467', 0, '61, đường Đinh Tiên Hoàng, phường 8, Tp. Vĩnh Long, Vĩnh Long, Việt Nam', '', 'cafe-trung-tamnull'),
(88, 'Cafe Sân Thượng', '', '0913 74 79 4', 0, 'Đường Mậu Thân, phường 3, Tp. Vĩnh Long, Vĩnh Long, Việt Nam', '', 'cafe-san-thuongnull'),
(89, 'Cà Phê Lý Tưởng', '', '0703 842 704', 0, '61, đường Mậu Thân, phường 3, Tp. Vĩnh Long, Vĩnh Long, Việt Nam', '', 'ca-phe-ly-tuongnull'),
(90, 'Cà Phê Thiên Phúc', '', '0702 470 992 ‎', 0, '55., đường Mậu Thân, phường 3, Tp. Vĩnh Long, Vĩnh Long, Việt Nam', '', 'ca-phe-thien-phucnull'),
(91, 'Cà Phê Thủy', '', '0702 210 845 ', 0, 'Đường Phạm Thái Bường, phường 4, Tp. Vĩnh Long, Vĩnh Long, Việt Nam', '', 'ca-phe-thuynull'),
(92, 'Cà Phê Vườn Xoài', '', '0703 815 629', 0, '278, đường 1A, phường Tân Ngãi, Tp. Vĩnh Long, Vĩnh Long, Việt Nam', '', 'ca-phe-vuon-xoainull'),
(93, 'Cà phê Hương Việt', '', '97 245 46 45', 0, '30, đường Đinh Tiên Hoàng, phường 8, Tp. Vĩnh Long, Vĩnh Long, Việt Nam', '', 'ca-phe-huong-vietnull'),
(94, 'Cà Phê Music Vạn Xuân', '', '0703 866 388 ', 0, '30, đường Đinh Tiên Hoàng, phường 8, Tp. Vĩnh Long, Vĩnh Long, Việt Nam', '', 'ca-phe-music-van-xuannull'),
(95, 'Cà Phê Thiên Chung', '', '0703 827 119', 0, '172, đường Nguyễn Huệ, phường 8, Tp. Vĩnh Long, Vĩnh Long, Việt Nam', '', 'ca-phe-thien-chungnull'),
(96, 'Cafe 99', '', '0703 824 638 ', 0, '2., đường Đinh Tiên Hoàng, phường 8, Tp. Vĩnh Long, Vĩnh Long, Việt Nam', '', 'cafe-99null'),
(97, 'Cà Phê Thanh Bình', '', '0703 822 051 ', 0, '2, đường Đinh Tiên Hoàng, phường 8, Tp. Vĩnh Long, Vĩnh Long, Việt Nam', '', 'ca-phe-thanh-binhnull'),
(98, 'Cà Phê Ba Phi', '', '0703 878 176 ‎', 0, '8, đường Đinh Tiên Hoàng, phường 6, Tp. Vĩnh Long, Vĩnh Long, Việt Nam', '', 'ca-phe-ba-phinull'),
(99, 'Cà Phê Nguyên Thảo', '', '0703 824 484 ', 0, '1, đường Cao Thắng, phường 8, Tp. Vĩnh Long, Vĩnh Long, Việt Nam', '', 'ca-phe-nguyen-thaonull'),
(100, 'Cà Phê Cây Da', '', '91 838 50 25', 0, '78, đường Lê Văn Tám, phường ., Tp. Vĩnh Long, Vĩnh Long, Việt Nam', '', 'ca-phe-cay-danull'),
(101, 'Cà Phê 911', '', '98 229 29 11', 0, '50, đường Đinh Tiên Hoàng, phường 8, Tp. Vĩnh Long, Vĩnh Long, Việt Nam', '', 'ca-phe-911null'),
(102, 'Cà Phê Thủy Trúc', '', '', 0, 'Đường Phó Cơ Điều, phường 8, Tp. Vĩnh Long, Vĩnh Long, Việt Nam', '', 'ca-phe-thuy-trucnull'),
(103, 'Cà Phê 25', '', '0703 815 218 ', 0, '25, đường 1A, phường Tân Ngãi, Tp. Vĩnh Long, Vĩnh Long, Việt Nam', '', 'ca-phe-25null'),
(104, 'Cà Phê Vườn Trúc', '', '0703 833 047', 0, '67, đường Phó Cơ Điều, phường 4, Tp. Vĩnh Long, Vĩnh Long, Việt Nam', '', 'ca-phe-vuon-trucnull'),
(105, 'Cafe Lý Tưởng', '', '0703 842 704 ', 0, '61/20C, đường Mậu Thân, phường 3, Tp. Vĩnh Long, Vĩnh Long, Việt Nam', '', 'cafe-ly-tuongnull'),
(106, 'Cà Phê Dạ Hương', '', '0702 210 424', 0, '55, đường Mậu Thân, phường 3, Tp. Vĩnh Long, Vĩnh Long, Việt Nam', '', 'ca-phe-da-huongnull'),
(107, 'Quán Cafe Võng', '', '', 0, 'Đường Phó Cơ Điều, phường Phước Hậu, Long Hồ, Vĩnh Long, Việt Nam', '', 'quan-cafe-vongnull'),
(108, 'Trúc Hoa Viên', '', '', 0, 'Đường 1A, phường Phú Quới, Long Hồ, Vĩnh Long, Việt Nam', '', 'truc-hoa-viennull'),
(109, 'Cafe Ciao', '', '0703 878 724', 0, '13/7, đường quốc lộ 53, phường Tân Hạnh, Long Hồ, Vĩnh Long, Việt Nam', '', 'cafe-ciaonull'),
(110, 'Cafe Nguyễn Trúc', '', '', 0, 'Đối diện chợ phước yên A, phú quới, long hồ, Vĩnh Long, Việt Nam', '', 'cafe-nguyen-trucnull'),
(111, 'Cafe Lê Vy', '', '', 0, 'Phú quới, Long Hồ, Vĩnh Long, Việt Nam', '', 'cafe-le-vynull'),
(115, 'Quán Cóc Ổi', '1', '2', 3, '4', '5935670244266979009', 'quan-coc-oi-115');

-- --------------------------------------------------------

--
-- Table structure for table `tbl_store_album`
--

CREATE TABLE IF NOT EXISTS `tbl_store_album` (
  `id` int(25) NOT NULL AUTO_INCREMENT,
  `id_store` int(11) NOT NULL,
  `name` varchar(200) COLLATE utf8_unicode_ci DEFAULT NULL,
  `key` varchar(250) COLLATE utf8_unicode_ci NOT NULL,
  `order` int(11) NOT NULL,
  PRIMARY KEY (`id`),
  KEY `id_store` (`id_store`)
) ENGINE=InnoDB  DEFAULT CHARSET=utf8 COLLATE=utf8_unicode_ci AUTO_INCREMENT=12 ;

--
-- Dumping data for table `tbl_store_album`
--

INSERT INTO `tbl_store_album` (`id`, `id_store`, `name`, `key`, `order`) VALUES
(8, 71, 'ABC', 'abc', 1),
(9, 71, 'Các món', 'cac-mon', 0),
(10, 115, 'Món ăn', 'mon-an', 0),
(11, 115, 'Khai trương', 'khai-truong', 0);

-- --------------------------------------------------------

--
-- Table structure for table `tbl_store_feature`
--

CREATE TABLE IF NOT EXISTS `tbl_store_feature` (
  `id` int(11) NOT NULL AUTO_INCREMENT,
  `id_feature` int(11) NOT NULL,
  `id_store` int(11) NOT NULL,
  PRIMARY KEY (`id`),
  KEY `id_feature` (`id_feature`),
  KEY `id_store` (`id_store`)
) ENGINE=InnoDB  DEFAULT CHARSET=latin1 AUTO_INCREMENT=12 ;

--
-- Dumping data for table `tbl_store_feature`
--

INSERT INTO `tbl_store_feature` (`id`, `id_feature`, `id_store`) VALUES
(1, 1, 71),
(7, 6, 71),
(8, 4, 71),
(9, 3, 71),
(10, 1, 115),
(11, 2, 115);

-- --------------------------------------------------------

--
-- Table structure for table `tbl_store_location`
--

CREATE TABLE IF NOT EXISTS `tbl_store_location` (
  `id` int(11) NOT NULL AUTO_INCREMENT,
  `id_district` int(11) NOT NULL,
  `id_store` int(11) NOT NULL,
  `x` int(11) NOT NULL,
  `y` int(11) NOT NULL,
  PRIMARY KEY (`id`),
  KEY `id_district` (`id_district`),
  KEY `id_location` (`id_store`)
) ENGINE=InnoDB  DEFAULT CHARSET=latin1 AUTO_INCREMENT=70 ;

--
-- Dumping data for table `tbl_store_location`
--

INSERT INTO `tbl_store_location` (`id`, `id_district`, `id_store`, `x`, `y`) VALUES
(25, 653, 71, 6, 7),
(26, 653, 72, 0, 0),
(27, 653, 73, 0, 0),
(28, 653, 74, 0, 0),
(29, 653, 75, 0, 0),
(30, 653, 76, 0, 0),
(31, 653, 77, 0, 0),
(32, 653, 78, 0, 0),
(33, 653, 79, 0, 0),
(34, 653, 80, 0, 0),
(35, 653, 81, 0, 0),
(36, 653, 82, 0, 0),
(37, 653, 83, 0, 0),
(38, 653, 84, 0, 0),
(39, 653, 85, 0, 0),
(40, 653, 86, 0, 0),
(41, 653, 87, 0, 0),
(42, 653, 88, 0, 0),
(43, 653, 89, 0, 0),
(44, 653, 90, 0, 0),
(45, 653, 91, 0, 0),
(46, 653, 92, 0, 0),
(47, 653, 93, 0, 0),
(48, 653, 94, 0, 0),
(49, 653, 95, 0, 0),
(50, 653, 96, 0, 0),
(51, 653, 97, 0, 0),
(52, 653, 98, 0, 0),
(53, 653, 99, 0, 0),
(54, 653, 100, 0, 0),
(55, 653, 101, 0, 0),
(56, 653, 102, 0, 0),
(57, 653, 103, 0, 0),
(58, 653, 104, 0, 0),
(59, 653, 105, 0, 0),
(60, 653, 106, 0, 0),
(61, 653, 107, 0, 0),
(62, 653, 108, 0, 0),
(63, 653, 109, 0, 0),
(64, 653, 110, 0, 0),
(65, 653, 111, 0, 0),
(69, 654, 115, 0, 0);

-- --------------------------------------------------------

--
-- Table structure for table `tbl_tag`
--

CREATE TABLE IF NOT EXISTS `tbl_tag` (
  `id` int(25) NOT NULL AUTO_INCREMENT,
  `name` varchar(200) COLLATE utf8_unicode_ci DEFAULT NULL,
  `key` varchar(250) COLLATE utf8_unicode_ci NOT NULL,
  PRIMARY KEY (`id`)
) ENGINE=InnoDB  DEFAULT CHARSET=utf8 COLLATE=utf8_unicode_ci AUTO_INCREMENT=5 ;

--
-- Dumping data for table `tbl_tag`
--

INSERT INTO `tbl_tag` (`id`, `name`, `key`) VALUES
(2, 'Doanh nghiệp', 'doanh-nghiep'),
(3, 'Hướng dẫn 1', 'huong-dan-1'),
(4, 'Hướng dẫn 2', 'huong-dan-2');

-- --------------------------------------------------------

--
-- Table structure for table `tbl_user`
--

CREATE TABLE IF NOT EXISTS `tbl_user` (
  `id` int(11) NOT NULL AUTO_INCREMENT,
  `name` varchar(25) COLLATE utf8_unicode_ci NOT NULL,
  `email` varchar(200) COLLATE utf8_unicode_ci DEFAULT NULL,
  `pass` varchar(256) COLLATE utf8_unicode_ci DEFAULT NULL,
  `gender` int(11) NOT NULL,
  `note` varchar(200) COLLATE utf8_unicode_ci DEFAULT NULL,
  `datecreate` timestamp NOT NULL DEFAULT CURRENT_TIMESTAMP,
  `dateupdate` timestamp NOT NULL DEFAULT '0000-00-00 00:00:00',
  `dateactivity` timestamp NOT NULL DEFAULT '0000-00-00 00:00:00',
  `type` tinyint(4) NOT NULL,
  `code` varchar(13) COLLATE utf8_unicode_ci NOT NULL,
  PRIMARY KEY (`id`)
) ENGINE=InnoDB  DEFAULT CHARSET=utf8 COLLATE=utf8_unicode_ci AUTO_INCREMENT=6 ;

--
-- Dumping data for table `tbl_user`
--

INSERT INTO `tbl_user` (`id`, `name`, `email`, `pass`, `gender`, `note`, `datecreate`, `dateupdate`, `dateactivity`, `type`, `code`) VALUES
(1, 'Bùi Thanh Tuấn', 'tuanbuithanh@gmail.com', 'admin123456', 0, ' ', '0000-00-00 00:00:00', '0000-00-00 00:00:00', '0000-00-00 00:00:00', 4, ''),
(2, 'Lê Nguyễn Đông Khoa', 'lekhoa.bdc@gmail.com', '123456', 0, '', '0000-00-00 00:00:00', '0000-00-00 00:00:00', '0000-00-00 00:00:00', 4, ''),
(3, 'Phan Xuân Mai', 'maiphan.bdc@gmail.com', '123456', 1, ' ', '0000-00-00 00:00:00', '0000-00-00 00:00:00', '0000-00-00 00:00:00', 2, ''),
(4, 'Phan Lê Hữu Phúc', 'phucphan.bdc@gmail.com', '123456', 0, '', '2013-04-07 18:54:16', '0000-00-00 00:00:00', '0000-00-00 00:00:00', 2, ''),
(5, 'Lê Quang Minh', 'minhle.bdc@gmail.com', '123456', 0, '', '2013-05-21 02:21:20', '2013-05-21 02:21:20', '2013-05-21 02:21:20', 1, '');

-- --------------------------------------------------------

--
-- Table structure for table `tbl_video`
--

CREATE TABLE IF NOT EXISTS `tbl_video` (
  `id` int(11) NOT NULL AUTO_INCREMENT,
  `id_category` int(11) NOT NULL,
  `name` varchar(125) COLLATE utf8_unicode_ci NOT NULL,
  `time` timestamp NOT NULL DEFAULT CURRENT_TIMESTAMP ON UPDATE CURRENT_TIMESTAMP,
  `url` varchar(125) COLLATE utf8_unicode_ci NOT NULL,
  `note` varchar(125) COLLATE utf8_unicode_ci NOT NULL,
  `count` int(11) NOT NULL,
  `key` varchar(250) COLLATE utf8_unicode_ci NOT NULL,
  PRIMARY KEY (`id`)
) ENGINE=InnoDB  DEFAULT CHARSET=utf8 COLLATE=utf8_unicode_ci AUTO_INCREMENT=5 ;

--
-- Dumping data for table `tbl_video`
--

INSERT INTO `tbl_video` (`id`, `id_category`, `name`, `time`, `url`, `note`, `count`, `key`) VALUES
(2, 2, 'Hướng dẫn 1', '2013-09-16 05:12:05', 'http://www.youtube.com/embed/sgRmFIWAeRA', 'Thử nghiệm', 1, 'abc-'),
(3, 2, 'Hướng dẫn 2', '2013-09-16 05:12:09', 'http://www.youtube.com/embed/sgRmFIWAeRA', 'Thử nghiệm', 1, 'abc-');

--
-- Constraints for dumped tables
--

--
-- Constraints for table `tbl_post`
--
ALTER TABLE `tbl_post`
  ADD CONSTRAINT `tbl_post_ibfk_1` FOREIGN KEY (`id_store`) REFERENCES `tbl_store` (`id`) ON DELETE CASCADE ON UPDATE CASCADE;

--
-- Constraints for table `tbl_store_album`
--
ALTER TABLE `tbl_store_album`
  ADD CONSTRAINT `tbl_store_album_ibfk_1` FOREIGN KEY (`id_store`) REFERENCES `tbl_store` (`id`) ON DELETE CASCADE ON UPDATE CASCADE;

--
-- Constraints for table `tbl_store_feature`
--
ALTER TABLE `tbl_store_feature`
  ADD CONSTRAINT `tbl_store_feature_ibfk_2` FOREIGN KEY (`id_store`) REFERENCES `tbl_store` (`id`) ON DELETE CASCADE ON UPDATE CASCADE,
  ADD CONSTRAINT `tbl_store_feature_ibfk_1` FOREIGN KEY (`id_feature`) REFERENCES `tbl_feature` (`id`) ON DELETE CASCADE ON UPDATE CASCADE;

--
-- Constraints for table `tbl_store_location`
--
ALTER TABLE `tbl_store_location`
  ADD CONSTRAINT `tbl_store_location_ibfk_1` FOREIGN KEY (`id_district`) REFERENCES `tbl_district` (`id`) ON DELETE CASCADE ON UPDATE CASCADE,
  ADD CONSTRAINT `tbl_store_location_ibfk_2` FOREIGN KEY (`id_store`) REFERENCES `tbl_store` (`id`) ON DELETE CASCADE ON UPDATE CASCADE;
